post_id	status	liked_comment_ids
6	ok	6
7	ok	10,15
17	ok	27
19	ok	30
35	ok	
50	ok	
127	ok	223
130	ok	239
141	ok	251,252,253
142	ok	255,256,261
145	ok	
157	ok	364,365,367
178	ok	423,427,428,434,437
180	ok	451,453
181	ok	458,459,460,462,467
187	ok	485,487,491
206	ok	533,534,535
207	ok	538
213	ok	550,553
238	ok	601,608,610
251	ok	644,645,646
261	ok	665,669
262	ok	667,670,675
263	ok	673,674,680
264	ok	679,681
265	ok	684,688
285	ok	736,737
286	ok	
291	ok	760
294	ok	772
301	ok	788
302	ok	791
320	ok	821,822,823
321	ok	825,827
325	ok	
326	ok	843
327	ok	847
330	ok	851
345	ok	
349	ok	891,892,893
355	ok	906
356	ok	913
367	ok	931,932,933,973
371	ok	966
374	ok	976,977,982
387	ok	
388	ok	1007
392	ok	1025
399	ok	1043
415	ok	1083,1101
417	ok	1098
418	ok	1103
421	ok	1106,1108,1112
431	ok	1130,1132
434	ok	1144,1145
437	ok	1155,1156,1165
438	ok	1158,1159,1160,1162
441	ok	1176,1178
445	no_comments	
450	ok	1195,1196,1206
451	ok	
452	ok	1215
454	ok	1220
467	ok	1262,1265,1267,1273
468	ok	1272,1283,1297
469	ok	1290,1291
473	ok	1323,1326,1327,1333
474	ok	1332
505	ok	1448,1449
507	ok	1458,1459
508	ok	1461
509	ok	1466,1472,1473
511	ok	1479,1480,1482,1483
512	ok	1486,1487,1488,1490,1491
514	ok	1494,1495
516	ok	1504,1508
517	ok	1513,1514,1516
518	ok	1518
519	ok	1527,1528
520	ok	1530,1531
521	ok	
524	ok	1570
527	ok	1575,1576,1577,1578,1585
535	ok	1607
542	ok	1619
544	ok	1627,1628,1630
545	ok	1634,1636
551	ok	1657,1671
552	ok	1659,1660,1661
553	ok	1668
555	ok	1673
561	ok	1686,1688
567	ok	1698
568	ok	1706,1707
569	ok	1709,1713
570	ok	1715,1716,1717
571	ok	
572	ok	1728,1729
587	ok	1781
588	ok	1789,1790,1793,1825
589	ok	1795,1796
594	ok	1806,1807
601	ok	1828,1829,1832,1841
604	ok	1835,1836
607	ok	1843,1844,1845,1846
611	ok	1858,1864
613	ok	1860
617	ok	1870
618	ok	1874,1875,1876
620	ok	1884
623	ok	1890,1891,1892
624	ok	1895,1896,1899
625	ok	1898,1900
628	ok	1908
635	ok	
636	ok	1922
644	ok	1932,1934,1936
645	ok	1938,1939
647	ok	
648	ok	1946
649	ok	1949,1951
659	ok	1965,1966
664	ok	1976,1977
669	ok	2000,2001,2018
682	ok	2023
684	ok	2026,2028
716	ok	2100,2101
717	ok	2103,2106
718	ok	2108
719	ok	2119,2126
