postId;date;question;answer;answerSourceCommentId;answerSourceUrl;answerReactionActor;answerSourceType;answerSourceNote;manualCatalogId;postUrl;mediaPath;caption;ocrConfidence;reviewStatus
6;2025-03-17;Этот сезон НХЛ - уникальный: домашний матч «Каролины» против «Тампа-Бэй» перенесли из-за НЕГО, а матч «Лос-Анджелеса» против «Калгари» перенесли из-за НИХ. Как иронично. Назовите ЕГО и ИХ.;Ураган и пожары;6;https://t.me/simple_quiz/6?comment=6;«Симпл Квиз» | Минута на обсуждение;channel_reaction;;;https://t.me/simple_quiz/6;telegram_archive/media/post_0006_photo_01.jpg;После того, как я зарелизил пилотный квиз и рассказал, что я его провел, многие просили прислать пак вопросов, чтобы поиграть самим. Здесь будут периодически появляться вопросы из прошедших квизов. Поштормить и поугадывать правильный ответ можно в комментах. Единственная просьба: если вы были на квизе и слышали правильный ответ – воздержитесь от написания правильного ответа.;0.9424;Ответ подтверждён реакцией канала
7;2025-03-21;Если ты любитель спорта, то в Америке тебе не удастся сходить на рэп, поп или фолк, зато можно сходить на рок, на ИКС и на ИГРЕК. Назовите ИКС и ИГРЕК. о;«Юта Джаз» и «Сент-Луис Блюз»;10;https://t.me/simple_quiz/7?comment=10;«Симпл Квиз» | Минута на обсуждение;channel_reaction;;;https://t.me/simple_quiz/7;telegram_archive/media/post_0007_photo_01.jpg;Пакет второго «Симпл Квиза» готов! Скоро расскажем вам о том, когда и где можно будет в него сыграть. А пока ловите еще один вопрос с пилотной игры.;0.9414;Ответ подтверждён реакцией канала
17;2025-04-09;Рядом с ЭТИМ на футбольных матчах с 2020 года красуется цифра 5, с 2013 года - 4, с 2006 года - 3, с 2000 года - 2. А вообще ЭТО фигурирует в трансляциях некоторых футбольных матчей с 1995 года. О чем речь?;PS (PlayStation);27;https://t.me/simple_quiz/17?comment=27;«Симпл Квиз» | Минута на обсуждение;channel_reaction;;;https://t.me/simple_quiz/17;telegram_archive/media/post_0017_photo_01.jpg;А пока мы готовим афишу и все-все-все, что нужно знать про новый ивент, держите один из вопросов с предыдущего квиза. Напомню правила: если вы были на игре, не пишите версии в чат (или прячьте их под спойлер);0.9459;Ответ подтверждён реакцией канала
19;2025-04-18;Первая ОНА появились в России в 2001 году. Сейчас ИХ более 40 в Москве и Московской области. Ав 2018 году благодаря паре русских футболистов одна из НИХ на протяжении нескольких месяцев регулярно появлялась в новостных каналах и пабликах. Назовите EE.;Кофемания;30;https://t.me/simple_quiz/19?comment=30;«Симпл Квиз» | Минута на обсуждение;channel_reaction;;;https://t.me/simple_quiz/19;telegram_archive/media/post_0019_photo_01.jpg;Новый «Симпл Квиз» уже в понедельник! А пока ловите вопрос с предыдущего квиза Вот тут – вся информация о том, где, чего и как, а записаться можно в личке у @iamkirian;0.9548;Ответ подтверждён реакцией канала
35;2025-04-28;В одной легендарной московской команде середины 2000-х было два русских спортсмена с редко встречающимися фамилиями. Одна из них дословно означает пузо или желудок. Другая - верхние листы кочана капусты. Впоследствии оба поиграли на другом материке, но доигрывали последние годы карьеры в российских клубах. Назовите фамилии этих спортсменов.;Моня и Хряпа;;;;user_correction;Уточнение пользователя;53;https://t.me/simple_quiz/35;telegram_archive/media/post_0035_photo_01.jpg;Знатоки редких фамилий тут?;0.9536;Ответ подтверждён пользователем
50;2025-05-21;В треке AJ Tracey 2017 года под названием You Don’t Know Ме упоминается экс-игрок нескольких клубов АПЛ Виктор Ваньяма. Главной звездой баскетбольного «Сан-Антонио» является Виктор Вембаньяма. Помимо схожести имен и фамилий в биографиях этих спортсменов есть еще одно слово, которое их объединяет. Предмет, который обозначает это слово, изобрели еще до нашей эры. В основе этого приспособления - колесико, которое может быть покрыто зубчиками. Назовите это слово.;;;;;;;;https://t.me/simple_quiz/50;telegram_archive/media/post_0050_photo_01.jpg;По классике – версии пишем под спойлером;0.9524;Распознано — проверить ответ
127;2025-06-25;В 2014 году 21-летняя испанка Гарбинье Мугуруса сенсационно выбила из сетки «Ролан Гаррос» Серену Уильямс и добралась до до четвертьфинала турнира «Большого шлема». На сайте Eurosport.ru вышел пост с фактами про Гарбинье. Назывался он так: «Мугуруса, ПРОПУСК». Заголовок - аллюзия на популярную в середине 20 века фразу: она не раз звучала в самом известном фильме про пионеров. Какие два слова мы пропустили в заголовке текста на Eurosport.ru?;А что вы тут делаете, а?;223;https://t.me/simple_quiz/127?comment=223;«Симпл Квиз» | Минута на обсуждение;channel_reaction;;;https://t.me/simple_quiz/127;telegram_archive/media/post_0127_photo_01.jpg;Олды, читавшие «Евроспорт» в 2014 году, тут? @simple_quiz;0.9424;Ответ подтверждён реакцией канала
130;2025-06-26;Было бы символично, если бы ИКС ИГРЕК играл за ЗЕТ ИКС, но нет: в США он выступал лишь за одну команду. Назовите ИКС. Если вы знаете, что за песня Queen играла в рекламе Coca-Cola, вам, скорее всего, будет проще справиться с этим вопросом.;Мэджик;239;https://t.me/simple_quiz/130?comment=239;«Симпл Квиз» | Минута на обсуждение;channel_reaction;;;https://t.me/simple_quiz/130;telegram_archive/media/post_0130_photo_01.jpg;Наверное, один из наших любимых вопросов с минувшего «Симпл Квиза» Для вновь прибывших – коротко о правилах: пишем версии ответа в комментарии исключительно под спойлером (вот так), чтобы не портить кайф от отгадывания другим 💙 @simple_quiz;0.9566;Ответ подтверждён реакцией канала
141;2025-06-29;ЭТО есть как минимум в двух экземплярах у каждого профессионального клуба. ЭТО было и в названии одного из клубов НБА, нос 2012 года не фигурирует в нем. О чем речь?;Джерси;252;https://t.me/simple_quiz/141?comment=252;«Симпл Квиз» | Минута на обсуждение;channel_reaction;;;https://t.me/simple_quiz/141;telegram_archive/media/post_0141_photo_01.jpg;На этом квизе был специальный вопрос от наших друзей из «ХОДУ». Заскакивайте к ним в магазин или выбирайте редкие тишки онлайн: в их магазине ассортимент просто пушечный, а качество джерсаков – вышка. Напоминаем, что в комментариях мы пишем версии ответов на вопрос под спойлером – давайте не будем ломать кайфы от отгадывания друг другу! @simple_quiz;0.9559;Ответ подтверждён реакцией канала
142;2025-06-30;Назовите команду МФЛ, которая всегда располагается в таблице на 22-м месте.;Титан;255;https://t.me/simple_quiz/142?comment=255;«Симпл Квиз» | Минута на обсуждение;channel_reaction;;;https://t.me/simple_quiz/142;telegram_archive/media/post_0142_photo_01.jpg;Есть ли тут знатоки медиалиги? Напоминаем, что в комментариях мы пишем версии ответов на вопрос под спойлером – давайте не будем ломать кайфы от отгадывания друг другу! @simple_quiz;0.9526;Ответ подтверждён реакцией канала
145;2025-07-01;Один ОН объединяет Зелимхана Бакаева, Федора Смолова и Элдора Шомуродова. Другой ОН ассоциируется с джипом. Третий ОН комментировал команды, к которым имеет отношение второй ОН, сразу в двух дисциплинах. Назовите ЕГО.;;;;;;;;https://t.me/simple_quiz/145;telegram_archive/media/post_0145_photo_01.jpg;Вопрос, на который не ответил спортивный директор «Амкала» (и выписал сам себе за это штраф)! Напоминаем, что в комментариях мы пишем версии ответов на вопрос под спойлером – давайте не будем ломать кайфы от отгадывания друг другу! @simple_quiz;0.951;Распознано — проверить ответ
157;2025-07-11;Этот оскорбительный термин применительно к девушкам регулярно вспоминают в русскоязычном твиттере. В одном из олимпийских видов спорта так можно безоценочно назвать его представительниц. Среди олимпийских чемпионок в этом виде спорта в 21 веке - чилийка Франсиска Кроветто, американки Эмбер Инглиш и Ким Роуд, итальянки Диана Бакози и Кьяра Кайнеро, венгерка Диана Игали. Наверное, несправедливо, что некоторым из вас официанты принесли подсказку. Назовите этот термин.;Тарелочница;364;https://t.me/simple_quiz/157?comment=364;«Симпл Квиз» | Минута на обсуждение;channel_reaction;;;https://t.me/simple_quiz/157;telegram_archive/media/post_0157_photo_01.jpg;Доброе утро! Мы вам тут вопрос принесли с утра пораньше. @simple_quiz;0.9494;Ответ подтверждён реакцией канала
178;2025-07-25;Валентин Серов посвятил краже ИКС не одно полотно: говорят, он написал шесть вариантов картины. Карло Анчелотти вызвал 25 футболистов на первые для него у руля матчи сборной Бразилии. Четыре из них никогда не играли в ИКС. Несмотря на то, что технически вы в ИКС прямо сейчас, некоторые из вас могут похвастаться, что были в ИКС. Назовите ИКС.;Европа;423;https://t.me/simple_quiz/178?comment=423;«Симпл Квиз» | Минута на обсуждение;channel_reaction;;;https://t.me/simple_quiz/178;telegram_archive/media/post_0178_photo_01.jpg;В последнем «Симпл Квизе» у нас был целый раунд про искусство и картины. Те, кто был на игре, расскажите – понравилось? Повторяем такой раунд? @simple_quiz;0.9628;Ответ подтверждён реакцией канала
180;2025-07-27;В конце 15 века итальянский художник написал картину, на которой было изображено первое событие в жизни АЛЬФЫ. Картина была написана по заказу представителя семьи Медичи. Полотно до сих пор хранится в галерее Уффици. 17 июня 1980 года произошло первое событие в жизни другой АЛЬФЫ. Напишите в ответе название картины.;«Рождение Венеры»;451;https://t.me/simple_quiz/180?comment=451;«Симпл Квиз» | Минута на обсуждение;channel_reaction;;;https://t.me/simple_quiz/180;telegram_archive/media/post_0180_photo_01.jpg;По скромному мнению нашей редакции – один из самых изящных вопросов минувшей игры. @simple_quiz;0.9617;Ответ подтверждён реакцией канала
181;2025-07-28;В английском языке это слово означает близкого друга, братишку. Если это же слово написать кириллицей, получится некое действие во множественном числе, свидетелем которого можно стать, например, в петанке, дартсе и водном поло. Напишите это слово кириллицей.;Броски;459;https://t.me/simple_quiz/181?comment=459;«Симпл Квиз» | Минута на обсуждение;channel_reaction;;;https://t.me/simple_quiz/181;telegram_archive/media/post_0181_photo_01.jpg;Этот вопрос вызвал большие сложности у команд, которые боролись за призы. Напоминаем, что мы пишем версии в комментах под спойлером, чтобы не ломать кайф другим отгадывающим. @simple_quiz;0.9583;Ответ подтверждён реакцией канала
187;2025-07-29;У группы Oasis и рэпера Big Baby Tape есть треки с одинаковым названием. Увидев название этих треков, в голову сразу приходит важный для истории НБА город. О каком городе речь?;Сиэтл;485;https://t.me/simple_quiz/187?comment=485;«Симпл Квиз» | Минута на обсуждение;channel_reaction;;;https://t.me/simple_quiz/187;telegram_archive/media/post_0187_photo_01.jpg;Кстати, о музыке. Есть команды, которые взяли на последнем квизе? Были споры о том, кстати, насколько правильный ответ – действительно важный для истории НБА город. @simple_quiz;0.9603;Ответ подтверждён реакцией канала
206;2025-08-16;Российского предпринимателя из Троицка, который открыл бизнес в Сыктывкаре, и линию обороны футбольного клуба «Рома» с 2012 по 2014. год, объединяют два повторяющихся слога. Напишите эти два одинаковых слога.;Додо;535;https://t.me/simple_quiz/206?comment=535;«Симпл Квиз» | Минута на обсуждение;channel_reaction;;;https://t.me/simple_quiz/206;telegram_archive/media/post_0206_photo_01.jpg;Так, закидываем вопросы с последнего квизочка. Эксперты по сыктывкарским бизнесменам на месте? @simple_quiz;0.954;Ответ подтверждён реакцией канала
207;2025-08-17;Вот список 12 апостолов: Петр, Андрей, Иаков Зеведеев, Иоанн, Варфоломей, Фома, Матфей, Иаков Алфеев, Иуда Фаддей, Симон Кананит, Иуда Искариот и ИКС. ИКС — фамилия футболиста, который отыграл 27 матчей за московское «Динамо» в РПЛ. Назовите ИКС.;;;;;;;;https://t.me/simple_quiz/207;telegram_archive/media/post_0207_photo_01.jpg;Сегодня – дерби между ЦСКА и «Динамо». Как насчет вопроса про один из московских клубов? Кто из тех, кто не был на последнем квизе, помнит эту легенду (или шарит за библейских апостолов)? @simple_quiz;0.9308;Распознано — проверить ответ
213;2025-08-21;В 2019 году в сторисах Sports.ru провели небольшой квиз из трех картинок. На первой была показана картина «Впечатление». Вопрос на картинке был следующим: «Это шедевр ИКСА?» Правильный ответ, конечно, — «Нет». На второй тот же вопрос с тем же ответом дали рядом с картиной «Олимпия». На третьей была фотография из матча «Ливерпуль» - «Бавария». Вопрос на картинке совпадал: «Это шедевр ИКСА?» Правильный ответ - «Да!» В ЛЧ-2018/19 ИКС забил 4 гола. Назовите ИКС двумя словами.;Садио Мане;553;https://t.me/simple_quiz/213?comment=553;«Симпл Квиз» | Минута на обсуждение;channel_reaction;;;https://t.me/simple_quiz/213;telegram_archive/media/post_0213_photo_01.jpg;Есть те, кто шарит за шедевры? @simple_quiz;0.9468;Ответ подтверждён реакцией канала
238;2025-08-29;Аксель Крюгер, признанный лучшим игроком «Брюне» в одном из весенних матчей чемпионата Норвегии-2025, в качестве приза получил ИКС. ИКС является важнейшим символом одного из главных религиозных праздников христиан, а английским названием близкого родственника ИКСА можно назвать Майкла Фелпса, Усейна Болта, Тони Хоука и Александра Костылева. Назовите ИКС.;;;;;;;;https://t.me/simple_quiz/238;telegram_archive/media/post_0238_photo_01.jpg;Вопрос, из-за которого «Симпл Квиз» возненавидела половина команд, пришедших к нам в понедельник. @simple_quiz;0.9538;Распознано — проверить ответ
251;2025-09-03;В треке Carefree, вышедшем в 2021 году, рэпер Songer занеймдроппил очень много футболистов. В одной из строчек он говорит, что у «Манчестер Сити» есть Рахим Стерлинг, но нет страйкера, поэтому клуб из Манчестера хочет ЕГО. За кем, по мнению Songer, охотился «Сити»?;Эрлинг Холанд;645;https://t.me/simple_quiz/251?comment=645;«Симпл Квиз» | Минута на обсуждение;channel_reaction;;;https://t.me/simple_quiz/251;telegram_archive/media/post_0251_photo_01.jpg;Эксперты по рэпу, вы тут? @simple_quiz;0.956;Ответ подтверждён реакцией канала
261;2025-09-05;По состоянию на 2025 год Израиль, Кипр и Армения - единственные члены УЕФА, у которых нет ЭТОГО. О чем речь?;Нахождение на территории Европы;669;https://t.me/simple_quiz/261?comment=669;«Симпл Квиз» | Минута на обсуждение;channel_reaction;;;https://t.me/simple_quiz/261;telegram_archive/media/post_0261_photo_01.jpg;Лишь одна команда со вчерашней игры справилась с этим вопросом. Напоминаем, что если вы хотите написать версию в комменты, то мы настоятельно просим прятать ее под спойлер. Вот так @simple_quiz;0.9191;Ответ подтверждён реакцией канала
262;2025-09-05;В сезоне-2025/26 в АПЛ их 7, в Чемпионшипе — 3, в английской Лиге 1 - 2, ав Лиге 2-1. О чем речь?;Клубы из Лондона;667;https://t.me/simple_quiz/262?comment=667;«Симпл Квиз» | Минута на обсуждение;channel_reaction;;;https://t.me/simple_quiz/262;telegram_archive/media/post_0262_photo_01.jpg;Пока вы ломаете голову над предыдущим вопросом, вот вам следующий От создателя вопроса про количество лап на эмблеме (олды шарят) @simple_quiz;0.8598;Ответ подтверждён реакцией канала
263;2025-09-05;829 7” Sf о® Этот футболист провел всего год в «Дженоз», а потом укатил в Англию и следующие 8 лет играл исключительно в английских клубах. По окончании карьеры он тренировал клубы из восьми разных стран (и, в частности, работал в двух командах РПЛ). Аниме, в названии которого аж дважды содержится имя этого футболиста, прямо сейчас можно посмотреть в «Амедиатеке», а первые серии второго сезона летом показывали в московских кинотеатрах. Назовите этого футболиста. т WIN BOX od;Дан Петреску;673;https://t.me/simple_quiz/263?comment=673;«Симпл Квиз» | Минута на обсуждение;channel_reaction;;;https://t.me/simple_quiz/263;telegram_archive/media/post_0263_photo_01.jpg;Анимешники тут? У нас опять вопрос про японские мультики (и немного про футбол) @simple_quiz;0.9124;Ответ подтверждён реакцией канала
264;2025-09-05;9 2? Sf o° P Если записать названия клубов Ла Лиги с помощью элементов периодической таблицы, это получится с «Осасуной» (Os, As, Ц, Ма), «Бетисом» (Re, Al, Be, Ti, $) иеще одним клубом. В 2020 году этот клуб на один матч убрал из своего названия 4 буквы, оставив лишь Te, что с испанского переводятся как «вера», а в периодической таблице находятся на 26-м месте. Назовите этот клуб. — WIN вох ool;Хетафе;681;https://t.me/simple_quiz/264?comment=681;«Симпл Квиз» | Минута на обсуждение;channel_reaction;;;https://t.me/simple_quiz/264;telegram_archive/media/post_0264_photo_01.jpg;Вопрос от Уолтера Уайта из штата Альбукерке @simple_quiz;0.9046;Ответ подтверждён реакцией канала
265;2025-09-05;9 2? ve Va A о® АЛЬФА - вещь, которую видел или даже держал в руках каждый из вас. Один килограмм вяленых АЛЬФ можно найти на маркетплейсах за 3500 рублей, в то же время мешок АЛЬФ оценивают всего в 500 рублей. АЛЬФУ можно найти и на эмблеме одного из клубов Бундеслиги. Понять, какая именно АЛЬФА на эмблеме, просто: небольшой размер, округлая форма и направление вверх. Назовите АЛЬФУ. ее cnunmnn WIN BOX ool;Кедровая шишка;688;https://t.me/simple_quiz/265?comment=688;«Симпл Квиз» | Минута на обсуждение;channel_reaction;;;https://t.me/simple_quiz/265;telegram_archive/media/post_0265_photo_01.jpg;Ну и давайте ластецкий Обиднее всего за команду, которая написала в ответе не АЛЬФУ, а клуб, у которой АЛЬФА на эмблеме Не повторяйте ее ошибок @simple_quiz;0.8695;Ответ подтверждён реакцией канала
285;2025-09-22;Надпись на футболке этого футболиста в зависимости от эпохи и культурного контекста может означать как устройство для воспроизведения видео, так и последовательность чисел 5, 1, 500, 1, 100. Назовите этого футболиста.;Неманья Видич;737;https://t.me/simple_quiz/285?comment=737;«Симпл Квиз» | Минута на обсуждение;channel_reaction;;;https://t.me/simple_quiz/285;telegram_archive/media/post_0285_photo_01.jpg;Ку-ку;0.9583;Ответ подтверждён реакцией канала
286;2025-09-22;Футбольный тренер Антон Михашенок в подкасте Cappucino & Catenaccio объяснил, что с середины 2000-х по середину 2010-х скауты отдавали футболистам с определенной особенностью большее предпочтение, чем другим. «Это называется bias - скаутам при просмотре матча проще отличать игрока по какому-то признаку, и если они ориентировались только на свои глаза, то выделяли определенных футболистов», — уточнил журналист Вадим Лукомский. Михашенок описал этот фактор каламбуром из одного слова и усмехнулся, что в этот период все футболисты начали дословно это делать ТАК. Напишите, что такое ТАК, если это наречие из девяти букв.;;;;;;;;https://t.me/simple_quiz/286;telegram_archive/media/post_0286_photo_01.jpg;Ладно, предыдущий вопрос был прям изи вроде как. Держите посложнее.;0.9522;Распознано — проверить ответ
291;2025-09-24;ОМЕГА - локально культовый российский спортсмен не только благодаря результатам, но и благодаря ассоциации с трехзначным четным числом. Как только ты захотел спеть или сыграть музыкальное произведение с кем-то, ОМЕГА перестает быть ОМЕГОИ. Назовите ОМЕГУ.;Соло 322;760;https://t.me/simple_quiz/291?comment=760;«Симпл Квиз» | Минута на обсуждение;channel_reaction;;;https://t.me/simple_quiz/291;telegram_archive/media/post_0291_photo_01.jpg;Всем доброго денечка! Еще один вопрос с минувшего «Симпл Квиза»;0.9358;Ответ подтверждён реакцией канала
294;2025-09-26;Песня с названием «ИКС» вышла на альбоме 1999 года. 19 лет спустя та же группа выпустила песню «В ИКСЕ». Поклонники ИКСА поют ее на трибунах намного чаще. Назовите ИКС.;Зенит;772;https://t.me/simple_quiz/294?comment=772;«Симпл Квиз» | Минута на обсуждение;channel_reaction;;;https://t.me/simple_quiz/294;telegram_archive/media/post_0294_photo_01.jpg;Вопрос для неспящих;0.962;Ответ подтверждён реакцией канала
301;2025-10-03;Из некоторых сокращений команд НХЛ получается слово на английском. Так, сокращение «Питтсбурга» — PIT — переводится как «яма», а сокращение «Сиэтла» - SEA - переводится как «море». Сокращения сразу двух клубов НХЛ в переводе означают транспортные средства. Назовите эти транспортные средства.;Car и van;788;https://t.me/simple_quiz/301?comment=788;«Симпл Квиз» | Минута на обсуждение;channel_reaction;;;https://t.me/simple_quiz/301;telegram_archive/media/post_0301_photo_01.jpg;НХЛ уважаем?;0.9449;Ответ подтверждён реакцией канала
302;2025-10-04;В стандартной клавиатуре Windows 104 клавиши. Одна из них практически не используется в играх — в том числе и в той серии, название которой иллюстрирует. Например, в версии видеоигры 2021 года этой клавиши не было, а в версии 2025 года она по умолчанию обозначала «Extra Action 1». О какой клавише речь?;F1;791;https://t.me/simple_quiz/302?comment=791;«Симпл Квиз» | Минута на обсуждение;channel_reaction;;;https://t.me/simple_quiz/302;telegram_archive/media/post_0302_photo_01.jpg;Всем хорошей субботы!;0.9565;Ответ подтверждён реакцией канала
320;2025-10-11;Псевдоним этого инди-исполнителя состоит из трех слов. Последние два описывают процесс, первое — ИКС: мужское имя в уменьшительной форме. Один из его самых популярных треков - «Волна». Также ИКС - разговорный синоним слова «команда». Назовите ИКС.;Тима;821;https://t.me/simple_quiz/320?comment=821;«Симпл Квиз» | Минута на обсуждение;channel_reaction;;;https://t.me/simple_quiz/320;telegram_archive/media/post_0320_photo_01.jpg;Ходят слухи, что Кир и ИКС учились в одной школе Напоминаем, что версии в комменты мы оставляем под спойлерами @simple_quiz;0.9469;Ответ подтверждён реакцией канала
321;2025-10-12;В 2022 году Василий Уткин говорил, что по утрам он обычно писал тексты, смотрел кино и даже делал зарядку. «Вы, наверное, удивитесь, но у меня дома есть ОНИ. И я ими пользуюсь по назначению», — рассказывал Василий. В отличие отлирического героя группы «Кровосток»: он пользовался ЕЙ не по назначению.;Гантели;825;https://t.me/simple_quiz/321?comment=825;«Симпл Квиз» | Минута на обсуждение;channel_reaction;;;https://t.me/simple_quiz/321;telegram_archive/media/post_0321_photo_01.jpg;Один из вопросов с последнего квиза. Как известно, ксли ответить самостоятельно не получается, то надо звать Валерика, нужен мозга взрыв @simple_quiz;0.9582;Ответ подтверждён реакцией канала
325;2025-10-15;Если на северо-западе Англии самые известные они - красные, то в Северной Каролине самые известные они - синие. О ком идет речь?;;;;;;;;https://t.me/simple_quiz/325;telegram_archive/media/post_0325_photo_01.jpg;Очередной вопросик вам в ленту. Напоминаем, что версии мы прячем под спойлером Информация об игре в Санкт-Петербурге, которая пройдет 21 октября Информация об игре в Москве, которая пройдет 27 октября @simple_quiz;0.9531;Распознано — проверить ответ
326;2025-10-16;В матчах ЦСКА можно стать свидетелем математического оксюморона. Его можно описать словосочетанием «ИКС ИГРЕКА». ИКС - часть фанатского сленга, а ИГРЕК - прозвище одного из футболистов ЦСКА. Назовите словосочетание, которое мы загадали.;Угол круга;843;https://t.me/simple_quiz/326?comment=843;«Симпл Квиз» | Минута на обсуждение;channel_reaction;;;https://t.me/simple_quiz/326;telegram_archive/media/post_0326_photo_01.jpg;Вспоминаем уроки алгебры и геометрии @simple_quiz;0.9452;Ответ подтверждён реакцией канала
327;2025-10-18;Все мы подписываемся на блогеров или медиа в надежде получить кое-что качественное. ЭТОТ ИГРОК отличается от кое-чего наличием одной гласной буквы. Был ли ОН качественным - = вопрос дискуссионный, но 69 матчей за © 7 «Баварию» и 94 - за «Бордо» он провел О каком игроке идет речь? = i;Контенто;847;https://t.me/simple_quiz/327?comment=847;«Симпл Квиз» | Минута на обсуждение;channel_reaction;;;https://t.me/simple_quiz/327;telegram_archive/media/post_0327_photo_01.jpg;Кто вспомнит легенду? @simple_quiz;0.8689;Ответ подтверждён реакцией канала
330;2025-10-19;ИКС - российский бренд, который существует с 1995 года. Он специализируется на кетчупах, томатных пастах и уксусах. Сходить на ИКС у вас получится в НФЛ и MLB и не получится - в НХЛ, НБА и MLS. Назовите ИКС.;Балтимор;851;https://t.me/simple_quiz/330?comment=851;«Симпл Квиз» | Минута на обсуждение;channel_reaction;;;https://t.me/simple_quiz/330;telegram_archive/media/post_0330_photo_01.jpg;Возможно, ответ на этот вопрос прямо сейчас находится у вас в холодосе @simple_quiz;0.9414;Ответ подтверждён реакцией канала
345;2025-10-29;Этот испанский клуб назван в честь римского аналога древнегреческого героя. С 1952 года неизменным атрибутом логотипа этой команды является силуэт мужской головы с лавровым венком. В последний раз клуб играл в Ла Лиге в сезоне-2010/1, в предпоследний - в сезоне-1996/97. Назовите этот клуб.;;;;;;;;https://t.me/simple_quiz/345;telegram_archive/media/post_0345_photo_01.jpg;Ух, сколько же команд обнулились в Москве и Санкт-Петербурге на этом вопросе… @simple_quiz;0.9497;Распознано — проверить ответ
349;2025-10-31;ИКС - автор знаменитых полотен «Эдемский сад с грехопадением человека», «Воздвижение креста» и «Венера и Адонис». Другой ИКС провел 19 сезонов в «Формуле-1», одержал Tl побед и 68 раз поднимался на подиум. Назовите ИКС.;;;;;;;;https://t.me/simple_quiz/349;telegram_archive/media/post_0349_photo_01.jpg;Врум-врум! @simple_quiz;0.9524;Распознано — проверить ответ
355;2025-11-02;Когда хоккеиста Максима Афиногенова спросили про АЛЬФЫ, которые летят на лед во время матчей его команды, он ответил, что подобное встречается и в НХЛ, и привел пример с традицией в «Детройте» кидать на лед осьминога. Правда, если осьминог для «Ред Уингс» — победный символ, то АЛЬФА - оскорбление конкретной команды. Про что спросили после матча Макса Афиногенова?;Сосиски;906;https://t.me/simple_quiz/355?comment=906;«Симпл Квиз» | Минута на обсуждение;channel_reaction;;;https://t.me/simple_quiz/355;telegram_archive/media/post_0355_photo_01.jpg;Знатоки хоккея присутствуют? @simple_quiz;0.9544;Ответ подтверждён реакцией канала
356;2025-11-04;Несколько лет назад в интернете стало вирусным изображение одного ИКСа и Криштиану Роналду. Глядя на него, трудно поверить, что «ОМЕГА» ИКСА случилось позже - примерно через 308 дней после Роналду и через 474. года после «ОМЕГИ ИКСА» Микеланджело. Назовите, что такое ОМЕГА ИКСА.;«Сотворение Адама»;913;https://t.me/simple_quiz/356?comment=913;«Симпл Квиз» | Минута на обсуждение;channel_reaction;;;https://t.me/simple_quiz/356;telegram_archive/media/post_0356_photo_01.jpg;Один из самых подлых вопросов минувшего «Симпл Квиза». Но среди наших подписчиков же полно фанатов Микеланджело, не так ли? @simple_quiz;0.9554;Ответ подтверждён реакцией канала
367;2025-11-06;Основное время семи матчей ЧМ-2018 закончилось со счетом, который можно записать, используя лишь имя одного из древних богов. Один из этих семи матчей, уверен, смотрел практически каждый из вас. Напишите счет этих матчей, используя лишь имя бога, но столько раз, сколько посчитаете нужным.;1:1;931;https://t.me/simple_quiz/367?comment=931;«Симпл Квиз» | Минута на обсуждение;channel_reaction;;;https://t.me/simple_quiz/367;telegram_archive/media/post_0367_photo_01.jpg;Теологи вошли в чат @simple_quiz;0.9567;Ответ подтверждён реакцией канала
371;2025-11-10;С середины 2010-х несложно получить ретвит от одного из комментаторов Eurosport: достаточно сфотографировать автомобиль с этим трехзначным номером и отметить одного из комментаторов. Он почти всегда ретвитит фото с подобными номерами. Назовите трехзначное число, о котором мы рассказали в предыдущем абзаце.;147;966;https://t.me/simple_quiz/371?comment=966;«Симпл Квиз» | Минута на обсуждение;channel_reaction;;;https://t.me/simple_quiz/371;telegram_archive/media/post_0371_photo_01.jpg;Ждем в комментариях два типа людей: 1. Знатоков, которые напишут версию ответа под спойлером 2. Безумцев, которые (как и мы) считают, что союз Сергея Курдюкова и биатлона был прекрасен @simple_quiz;0.9549;Ответ подтверждён реакцией канала
374;2025-11-13;На «Википедии» можно найти свыше 30 различных ИКСОВ: это, например, и город в Калифорнии, и столица острова Тенерифе, и крупнейший город Боливии. Но мы помним другого ИКСА: того, что играл за «Баварию», «Манчестер Сити», «Блэкберн», «Малагу» и «Бетис». А еще - за мексиканский клуб, название которого ну очень ему подходит. Назовите ИКС.;Санта-Крус;976;https://t.me/simple_quiz/374?comment=976;«Симпл Квиз» | Минута на обсуждение;channel_reaction;;;https://t.me/simple_quiz/374;telegram_archive/media/post_0374_photo_01.jpg;Узнали? Согласны? @simple_quiz;0.9548;Ответ подтверждён реакцией канала
387;2025-11-27;Баскетболист Джей Ти ИКС, выступавший за «Шарлотт», «Кливленд» и «Вашингтон», явно ошибся с видом спорта: ни в одном из сезонов он не набирал больше 4 очков в среднем за игру, да и матчей в плей-офф НБА за 5 сезонов у него ноль. Судя по фамилии, которую мы заменили, ему явно больше подошла бы одна из дисциплин в легкой атлетике: бог, имя которого совпадает с фамилией Джей Ти, плотно с ней ассоциируется. О какой дисциплине речь?;;;;;;;;https://t.me/simple_quiz/387;telegram_archive/media/post_0387_photo_01.jpg;Лучший способ придумать правильную версию про Джей Ти – наклонить голову и посмотреть наискосок наверх (но это неточно) @simple_quiz;0.9611;Распознано — проверить ответ
388;2025-12-01;ИКС - экс-футболист «Зенита», который, помимо России, поиграл в Германии, Греции, Турции, Венгрии и даже Австралии. ИКСЫ - картина Винсента ван Гога 1887 года. Кстати, в период карьеры в «Зените» у ИКСА не было на спине ни единицы, ни восьмерки, ни семерки. Назовите ИКС.;Мак;1007;https://t.me/simple_quiz/388?comment=1007;«Симпл Квиз» | Минута на обсуждение;channel_reaction;;;https://t.me/simple_quiz/388;telegram_archive/media/post_0388_photo_01.jpg;Вопрос с последнего «Симпл Квиза» подъехал. Все же на 8 декабря записались? Если нет, то летите к @iamkirian в лс;0.9545;Ответ подтверждён реакцией канала
392;2025-12-04;Один ИКС изначально был не ИКСОМ, а Чейни. Другой ИКС раньше был не ИКСОМ, а Августой. Один ИКС периодически зарабатывал деньги боксом. Другой ИКС не раз принимал крупные боксерские поединки. Там дрались и Поветкин, и Кличко. Назовите ИКС.;Лондон;1025;https://t.me/simple_quiz/392?comment=1025;«Симпл Квиз» | Минута на обсуждение;channel_reaction;;;https://t.me/simple_quiz/392;telegram_archive/media/post_0392_photo_01.jpg;Может быть, вам поможет, что этот вопрос как-то связан с литературой. @simple_quiz;0.9575;Ответ подтверждён реакцией канала
399;2025-12-08;Всю карьеру ОН выступал на резине бренда Light Year. В числе его спонсоров - Vitoline, Clutch+Aid, Mood Springs, Octane Gain, NitroAde, Easy Idle. Логотипы этих брендов можно увидеть Ha HEM. Назовите ЕГО двумя словами.;Молния Маккуин;1043;https://t.me/simple_quiz/399?comment=1043;«Симпл Квиз» | Минута на обсуждение;channel_reaction;;;https://t.me/simple_quiz/399;telegram_archive/media/post_0399_photo_01.jpg;Всем доброе утро! Ловите разминочный вопросик для самых умных мастерюг этой планеты;0.9504;Ответ подтверждён реакцией канала
415;2025-12-11;Аккаунт nbaresdev выяснил, что игроки НБА начинают играть хуже после того, как обзаводятся ИМИ. В качестве доказательства они привели статистику Леброна Джеймса, Кевина Дюранта, Дреймонда Грина, Пола Джорджаи Джей Джея Редика. У всех них упали цифры по сезону после появления ИХ в их жизни. По одной из версий, первый ОН появился в 2004 году. В том же году это слово впервые использовал журналист Бен Хаммерсли. Кого мы зашифровали под НИМ?;Подкаст;1083;https://t.me/simple_quiz/415?comment=1083;«Симпл Квиз» | Минута на обсуждение;channel_reaction;;;https://t.me/simple_quiz/415;telegram_archive/media/post_0415_photo_01.jpg;Минута на обсуждение @simple_quiz;0.9526;Ответ подтверждён реакцией канала
417;2025-12-12;Американская актриса Оливия Коберн известна многим из вас под другой фамилией. Одна из самых популярных сериальных ролей Оливии - ИКС. Догадаться, что мы спрятали под ИКСОМ, вам помогут Микаэль Баллак, Алессандро Неста и Майкон. Назовите ИКС.;Тринадцатая;1098;https://t.me/simple_quiz/417?comment=1098;«Симпл Квиз» | Минута на обсуждение;channel_reaction;;;https://t.me/simple_quiz/417;telegram_archive/media/post_0417_photo_01.jpg;Всем приятной пятницы! @simple_quiz;0.9522;Ответ подтверждён реакцией канала
418;2025-12-13;Бенджамин Франклин говорил, что не наблюдать за ИКСАМИ - значит, оставлять им открытым свой кошелек. Если к ИКСАМ добавить согласную букву, получится название футбольного клуба, который в августе 2005 года приезжал в Москву на матч с «Локомотивом». Назовите этот клуб.;Работнички;1103;https://t.me/simple_quiz/418?comment=1103;«Симпл Квиз» | Минута на обсуждение;channel_reaction;;;https://t.me/simple_quiz/418;telegram_archive/media/post_0418_photo_01.jpg;Ку-ку! Пишем в комменты только правильные ответы (и желательно под спойлером) @simple_quiz;0.9565;Ответ подтверждён реакцией канала
421;2025-12-13;В 1978-1979 годах логотип «Нью-Йорк Никс» был в форме НЕГО. Вот некоторые ИХ представители: Fuji, Empire, Jonathan, Arkansas Black, Discovery. О чем речь?;Яблоко;1112;https://t.me/simple_quiz/421?comment=1112;«Симпл Квиз» | Минута на обсуждение;channel_reaction;;;https://t.me/simple_quiz/421;telegram_archive/media/post_0421_photo_01.jpg;Вопрос, с которым, кажется, не справилась ни одна команда на минувшем квизе. Пишите версии в комментариях под спойлером @simple_quiz;0.958;Ответ подтверждён реакцией канала
431;2025-12-15;В ноябре 2022 года в соревновательный Counter-Strike добавили ИКС. Правда, уже через пару лет его убрали из про-сцены. Вы могли слышать про ИКСА на уроках истории. Если бы вы назвали ИКСА шакалом, это в какой-то степени было правдивым утверждением. В одной из древних культур он считался изобретателем бальзамирования. Назовите ИКС.;Анубис;1130;https://t.me/simple_quiz/431?comment=1130;«Симпл Квиз» | Минута на обсуждение;channel_reaction;;;https://t.me/simple_quiz/431;telegram_archive/media/post_0431_photo_01.jpg;Доброе утро, лучшие из представителей интернета Шакалам, если таковые заглянут в наш уютный канал, тоже доброе утро [Напоминаем, что свои версии мы скрываем под спойлером, чтобы не портить кайф от угадывания другим людям] @simple_quiz;0.9584;Ответ подтверждён реакцией канала
434;2025-12-16;Если бы этот ролик снимали в 2025 году, то мы бы не удивились, если бы его лицом стала Юлия Романова, Полина Марченко, Юлия Чиркова или Алина Еременко, но в начале 2000-х в этой рекламе снялся будущий двукратный олимпийский чемпион. А какой слоган был у того рекламного ролика?;;;;;;;;https://t.me/simple_quiz/434;telegram_archive/media/post_0434_photo_01.jpg;И третий вопрос [Тут мы вам не дадим варианты ответа, сорри] @simple_quiz;0.9597;Распознано — проверить ответ
437;2025-12-17;К концу 2024 года в их списке есть и ЦСКА, и «Локомотив», и «Спартак», и «Динамо», иеще 267 других. «Торпедо» в их списке, кстати, нет. О чем речь?;Станции Московского метрополитена;1156;https://t.me/simple_quiz/437?comment=1156;«Симпл Квиз» | Минута на обсуждение;channel_reaction;;;https://t.me/simple_quiz/437;telegram_archive/media/post_0437_photo_01.jpg;Ну и шлифанем вопросиком @simple_quiz;0.9484;Ответ подтверждён реакцией канала
438;2025-12-18;"В ребрендинге 2020 года одной национальной команды на эмблеме объединили четырех мифических хранителей — быка, орла, дракона и великана; новый знак заменил прежний щит с аббревиатурой федерации и флагом. Согласно пресс-релизу, эти фигуры - традиционные защитники страны и мотив, связанный с государственной символикой. Назовите сборную, которая впервые добралась до ЧМ и ЧЕ лишь в ХХ! веке.";Исландия;1158;https://t.me/simple_quiz/438?comment=1158;«Симпл Квиз» | Минута на обсуждение;channel_reaction;;;https://t.me/simple_quiz/438;telegram_archive/media/post_0438_photo_01.jpg;Аналитики логотипов тут? @simple_quiz;0.9522;Ответ подтверждён реакцией канала
441;2025-12-21;Шахматы 1922 года по модели Натальи Данько являются заметным образцом агитационного фарфора. В целях пропаганды скульптор придумала новые образы для каждой фигуры и заменила один из их традиционных цветов. Напишите пару цветов в версии шахмат Натальи Данько.;Красные и белые;1176;https://t.me/simple_quiz/441?comment=1176;«Симпл Квиз» | Минута на обсуждение;channel_reaction;;;https://t.me/simple_quiz/441;telegram_archive/media/post_0441_photo_01.jpg;E4;0.9599;Ответ подтверждён реакцией канала
445;2025-12-29;Привет! Ты в курсе про бесплатный «Симпл Квиз» для новых команд? 14 января, 20:00 «Басби», Никитский бульвар, 12 Запись - у @iamkirian в личке в | Cum | KBU;;;;;;;;https://t.me/simple_quiz/445;telegram_archive/media/post_0445_photo_01.jpg;Бесплатный «Симпл Квиз» для новых команд Всем салют! В среду 14 января в 20:00 мы хотим сыграть бесплатный квиз для тех, кто никогда не играл в «Симпл Квиз». Новички могут познакомиться с форматом и проверить свои силы, сыграв пакет из вопросов первого сезона. Бесплатная игра пройдет в гостях у наших друзей, пабе «Басби», во многих смыслах культовом месте. «Басби» находится по адресу Никитский бульвар, 12. Немного об игре: 1. К участию принимаются команды от 2 человек 2. При этом, если у вас нет команды, вы можете прийти один – найдем вам команду 3. Заявить команду можно в личке у @iamkirian Что должно быть в заявке: • Название команды • Количество человек (хотя бы примерное – чтобы мы поняли, какой столик вам выделить) • ФИО капитана Команды, которые играли в регулярном сезоне «Симпл Квиза», к участию не допускаются. Собирайте друзей, и увидимся с вами в «Басби» 14 января! Еще раз: запись – @iamkirian 📌Никитский бульвар, 12 Ⓜ️Метро «Арбатская» 🕰 20:00;0.9116;Распознано — проверить ответ
450;2026-01-08;Около 10 лет назад у очень многих сильных игроков в фифу была определенная особенность в никнейме, поэтому их называли ИКСАМИ. Позднее термин трансформировался, и ИКСАМИ стали называть всех сильных игроков вне зависимости от того, какой у них никнейм. ИКСОМ можно назвать, например, Мохамеда Салаха, Рияда Мареза или Ашрафа Хакими. Назовите ИКС.;Араб;1196;https://t.me/simple_quiz/450?comment=1196;«Симпл Квиз» | Минута на обсуждение;channel_reaction;;;https://t.me/simple_quiz/450;telegram_archive/media/post_0450_photo_01.jpg;Загадка для фиферов на ночь глядя @simple_quiz;0.9473;Ответ подтверждён реакцией канала
451;2026-01-09;Привет! Ты в курсе про бесплатный «Симпл Квиз» для новых команд? 14 января, 20:00 «Басби», Никитский бульвар, 12 Запись - у @iamkirian в личке в | Cum | KBU;;;;;;;;https://t.me/simple_quiz/451;telegram_archive/media/post_0451_photo_01.jpg;Бесплатный «Симпл Квиз» для новых команд Всем салют! В среду 14 января в 20:00 мы хотим сыграть бесплатный квиз для тех, кто никогда не играл в «Симпл Квиз». Новички могут познакомиться с форматом и проверить свои силы, сыграв пакет из вопросов первого сезона. Бесплатная игра пройдет в гостях у наших друзей, пабе «Басби», во многих смыслах культовом месте. «Басби» находится по адресу Никитский бульвар, 12. Немного об игре: 1. К участию принимаются команды от 2 человек 2. При этом, если у вас нет команды, вы можете прийти один – найдем вам команду 3. Заявить команду можно в личке у @iamkirian Что должно быть в заявке: • Название команды • Количество человек (хотя бы примерное – чтобы мы поняли, какой столик вам выделить) • ФИО капитана Команды, которые играли в регулярном сезоне «Симпл Квиза», к участию не допускаются. Собирайте друзей, и увидимся с вами в «Басби» 14 января! Еще раз: запись – @iamkirian 📌Никитский бульвар, 12 Ⓜ️Метро «Арбатская» 🕰 20:00;0.9116;Распознано — проверить ответ
452;2026-01-09;В саундтреке FIFA 07 была песня этой группы. У этого трека 99 миллионов прослушиваний в Spotify, а у самой популярной песни группы - больше 2 миллиардов. Название этой группы совпадает с фамилиями двух легендарных игроков АПЛ. Один сыграл больше 200 матчей за «Тоттенхэм» и заезжал на сезон в «Ливерпуль». Другой провел больше 300 матчей за «МЮ». Как называется группа?;Keane;1215;https://t.me/simple_quiz/452?comment=1215;«Симпл Квиз» | Минута на обсуждение;channel_reaction;;;https://t.me/simple_quiz/452;telegram_archive/media/post_0452_photo_01.jpg;Продолжаем разминку перед возвращением соревновательных квизов @simple_quiz;0.9569;Ответ подтверждён реакцией канала
454;2026-01-10;До 2006 года там не фигурировал никто, а после 2022-го там можно было увидеть следующих исполнителей: Drake, The Rolling Stones, Coldplay, Karol С, Rosalia, Travis Scott. В этом списке могли быть Тэйлор Свифт и Эд Ширан, но пока не срослось. Что объединяет вышеуказанных артистов?;Игровые футболки «Барселоны»;1220;https://t.me/simple_quiz/454?comment=1220;«Симпл Квиз» | Минута на обсуждение;channel_reaction;;;https://t.me/simple_quiz/454;telegram_archive/media/post_0454_photo_01.jpg;Утренняя зарядка @simple_quiz;0.9576;Ответ подтверждён реакцией канала
467;2026-01-20;Дженнифер Лоуренс, Орландо Блум, Джереми Реннер, Рассел Кроу, Стивен Амелл - всех этих актеров объединяет некий олимпийский вид спорта. Назовите этот вид спорта.;Стрельба из лука;1262;https://t.me/simple_quiz/467?comment=1262;«Симпл Квиз» | Минута на обсуждение;channel_reaction;;;https://t.me/simple_quiz/467;telegram_archive/media/post_0467_photo_01.jpg;Давайте начнем с несложного. Напоминаем, что все версии мы закидываем в комменты под спойлером @simple_quiz;0.9541;Ответ подтверждён реакцией канала
468;2026-01-20;Перед вами зашифрован персонаж культового произведения английского писателя. Мы уверены, что сам персонаж с легкостью прочел бы указанный SYXFRR EK Sete Однофамилец этого персонажа провел 10 сезонов в НБА. Он поиграл в «Филадельфии», «Финиксе», «Сакраменто», «Далласе» и «Вашингтоне». Он до сих пор в лиге. Назовите фамилию персонажа. Или баскетболиста.;Шерлок Холмс;1272;https://t.me/simple_quiz/468?comment=1272;«Симпл Квиз» | Минута на обсуждение;channel_reaction;;;https://t.me/simple_quiz/468;telegram_archive/media/post_0468_photo_01.jpg;Двигаемся дальше 💃💃💃 Видели бы вы процесс создания этой картинки… уфффф! Самая муторная работа эвер. @simple_quiz;0.9021;Ответ подтверждён реакцией канала
469;2026-01-20;В США расфорсился скриншот с матча МЛБ между «Чикаго Кабс» и «Питтсбургом». На этом скриншоте видны упрощенные лого команд- участниц и счет матча, в котором одна из команд пока не набрала очков. Символы на этом скриншоте повторяют имя персонажа, фигурировавшего во всех эпизодах известнейшей франшизы. Напишите имя этого персонажа.;C-3PO;1291;https://t.me/simple_quiz/469?comment=1291;«Симпл Квиз» | Минута на обсуждение;channel_reaction;;;https://t.me/simple_quiz/469;telegram_archive/media/post_0469_photo_01.jpg;И еще один на сегодня @simple_quiz;0.9542;Ответ подтверждён реакцией канала
473;2026-01-25;ИКС ИГРЕК - двукратный чемпион НБА, бронзовый призер Олимпийских игр и чемпион мира. ИКС ЗЕТ - звезда НФЛ, которая с 2019 года играет в одной команде. ИПСИЛОН ИКС - обладатель 22 наград «Грэмми». С НФЛ он так или иначе тоже связан. Назовите ИКС.;Ламар;1323;https://t.me/simple_quiz/473?comment=1323;«Симпл Квиз» | Минута на обсуждение;channel_reaction;;;https://t.me/simple_quiz/473;telegram_archive/media/post_0473_photo_01.jpg;Готовимся к новому сезону. @simple_quiz;0.9493;Ответ подтверждён реакцией канала
474;2026-01-25;После поражения сборной Англии по крикету от Австралии в 1882 году The Sporting Times напечатали некролог: «Английский крикет умер 29 августа 1882 года». С тех пор победителям серии матчей между Англией и Австралией в тестовом крикете вручается ОНА. Возможно, если бы EE подарили вам, это вызвало быу вас как минимум непонимание, ау некоторых - даже обиду. Назовите EE двумя словами.;Урна;1332;https://t.me/simple_quiz/474?comment=1332;«Симпл Квиз» | Минута на обсуждение;channel_reaction;;;https://t.me/simple_quiz/474;telegram_archive/media/post_0474_photo_01.jpg;F @simple_quiz;0.9563;Ответ подтверждён реакцией канала
505;2026-02-15;Один из текстов на сайте Eurosport.ru, посвященный триумфу одной биатлонистки, был озаглавлен «ОНА маслом». ОНА - фамилия спортсменки, забравшейся на подиум. Назовите ЕЕ.;Надежда Скардино;1448;https://t.me/simple_quiz/505?comment=1448;«Симпл Квиз» | Минута на обсуждение;channel_reaction;;;https://t.me/simple_quiz/505;telegram_archive/media/post_0505_photo_01.jpg;Доброе утро, планета! Напоминаем, что версии под вопросами мы пишем под спойлером, чтобы не ломать кайф от угадывания другим @simple_quiz;0.941;Ответ подтверждён реакцией канала
507;2026-02-16;Перед вами список спортсменов: легкоатлет Ноа Лайлз, гольфист Брайсон Дешамбо, теннисистка Серена Уильямс, бейсболист Аарон Джадж, футболисты Неймар и Криштиану Роналду, баскетболисты Стефен Карри и Дэмиан Лиллард. В 2024 и 2025 гг. их медийно объединил один человек 1998 года рождения, чье настоящее имя — Джеймс Стивен Дональдсон. Назовите псевдоним этого человека.;MrBeast;1459;https://t.me/simple_quiz/507?comment=1459;«Симпл Квиз» | Минута на обсуждение;channel_reaction;;;https://t.me/simple_quiz/507;telegram_archive/media/post_0507_photo_01.jpg;Вопрос со звездочкой (на самом деле, с целым списком звездочек) Зарегистрируй команду на ближайшую игру сезона @simple_quiz;0.9451;Ответ подтверждён реакцией канала
508;2026-02-17;Имена Диего Марадоны, Майка Тайсона, Роналдиньо, Флойда Мэйуэзера, Аллена Айверсона фигурировали в различных ИХ. В архитектуре ОН, помимо самых известных, бывает коринфским или тосканским. Назовите ЕГО.;Ордер;1461;https://t.me/simple_quiz/508?comment=1461;«Симпл Квиз» | Минута на обсуждение;channel_reaction;;;https://t.me/simple_quiz/508;telegram_archive/media/post_0508_photo_01.jpg;Искусствоведческий вопросик. Зарегистрируй команду на ближайшую игру сезона @simple_quiz;0.9508;Ответ подтверждён реакцией канала
509;2026-02-18;Эта аббревиатура в какой-то степени ассоциируется с темнокожими людьми, правда, не в спортивных медиа, а в диджитал-файлах совершенно другого типа. A еще эта аббревиатура - название медиа, у которого есть не только спортивный раздел, но и целое пан- Африканское направление и редакция. Воспроизведите эту аббревиатуру, состоящую из трех латинских букв.;BBC;1466;https://t.me/simple_quiz/509?comment=1466;«Симпл Квиз» | Минута на обсуждение;channel_reaction;;;https://t.me/simple_quiz/509;telegram_archive/media/post_0509_photo_01.jpg;Перебираем известные аббревиатуры? Зарегистрируй команду на ближайшую игру сезона @simple_quiz;0.9486;Ответ подтверждён реакцией канала
511;2026-02-19;В романтическом плане Матвея Сафонова можно назвать ИМ - например, для его жены Марины. OH на французском языке — фамилия одного из партнеров Сафонова. Также ОН во Франции- низшая категория ордена Почетного легиона. Назовите ЕГО французским словом.;Chevalier (шевалье);1483;https://t.me/simple_quiz/511?comment=1483;«Симпл Квиз» | Минута на обсуждение;channel_reaction;;;https://t.me/simple_quiz/511;telegram_archive/media/post_0511_photo_01.jpg;Са ва? Зарегистрируй команду на ближайшую игру сезона @simple_quiz;0.949;Ответ подтверждён реакцией канала
512;2026-02-20;В Северной Америке ТАК называют скамейки на матчах по бейсболу и американскому футболу, а также зрителей на этих играх. Одна из версий происхождения термина - что деревянные скамейки выгорали или выцветали на солнце. Также ЭТО СЛОВО присутствует в названии американского спортивного медиа, основанного в 2005 году. По сути, первые тексты создателей сайта стали взглядом с этих самых скамеек. Назовите слово или спортивное медиа.;Bleachers;1490;https://t.me/simple_quiz/512?comment=1490;«Симпл Квиз» | Минута на обсуждение;channel_reaction;;;https://t.me/simple_quiz/512;telegram_archive/media/post_0512_photo_01.jpg;Возможно, самый изящный вопрос редакционного квиза Зарегистрируй команду на ближайшую игру сезона @simple_quiz;0.9584;Ответ подтверждён реакцией канала
514;2026-02-21;Если бы Артем Дзюба провел всю карьеру в «Спартаке», то из-за одного факта биографии форварда на «Лукойл Арене» его могли бы называть ИКСом. ИКС - прозвище заметного политического деятеля, который жил в России на стыке 16-го и Т7-го веков. Назовите ИКС двумя словами.;Тушинский вор;1494;https://t.me/simple_quiz/514?comment=1494;«Симпл Квиз» | Минута на обсуждение;channel_reaction;;;https://t.me/simple_quiz/514;telegram_archive/media/post_0514_photo_01.jpg;Вспоминаем уроки истории. Зарегистрируй команду на ближайшую игру сезона @simple_quiz;0.9529;Ответ подтверждён реакцией канала
516;2026-02-22;В топ-100 прямых эфиров на американском телевидении в 2023 году вошли сразу 97 спортивных трансляций. 94 из них - это матчи NFL. A 3 оставшихся?;NCAA;1508;https://t.me/simple_quiz/516?comment=1508;«Симпл Квиз» | Минута на обсуждение;channel_reaction;;;https://t.me/simple_quiz/516;telegram_archive/media/post_0516_photo_01.jpg;Фанаты американских видов на месте? Зарегистрируй команду на ближайшую игру сезона @simple_quiz;0.9452;Ответ подтверждён реакцией канала
517;2026-02-23;Карьера Сергея Юрьевича началась в клубе из Узбекистана в 1991 году, а завершилась в 2018 году в клубе из Белгорода. Сергей Юрьевич - олимпийский чемпион. Карьера Павла Сергеевича началась в 2017 году в клубе из Белгорода. Назовите фамилию Сергея Юрьевича и Павла Сергеевича.;Сергей Тетюхин;1514;https://t.me/simple_quiz/517?comment=1514;«Симпл Квиз» | Минута на обсуждение;channel_reaction;;;https://t.me/simple_quiz/517;telegram_archive/media/post_0517_photo_01.jpg;Узнали? Согласны? Зарегистрируй команду на ближайшую игру сезона @simple_quiz;0.9564;Ответ подтверждён реакцией канала
518;2026-02-24;В 1999 году «Манчестер Сити» подписал контракт с издательством Eidos Interactive. С анонса того соглашения осталось несколько фотографий с НЕЙ. В 2020 году сайт Coop-Land признал EE грудь лучшей в истории индустрии. Кого мы загадали под НЕЙ?;Лара Крофт;1518;https://t.me/simple_quiz/518?comment=1518;«Симпл Квиз» | Минута на обсуждение;channel_reaction;;;https://t.me/simple_quiz/518;telegram_archive/media/post_0518_photo_01.jpg;👙 Зарегистрируй команду на ближайшую игру сезона @simple_quiz;0.9483;Ответ подтверждён реакцией канала
519;2026-02-25;В одном из спешалов комик Эндрю Шульц рассуждал о разнице между Чикаго и Нью-Иорком. Он обратил внимание, что, в отличие от нью-йоркцев, жители Чикаго гордятся трагедиями в городе настолько, что даже назвали команду по футболу - «Чикаго Файр» -— якобы в честь великого чикагского пожара 1871 года. Когда Шульц начал рассуждать о названиях команд в Нью- Иорке, зал взорвался от смеха. Название какой команды вызвало у зрителей истерику?;Jets;1527;https://t.me/simple_quiz/519?comment=1527;«Симпл Квиз» | Минута на обсуждение;channel_reaction;;;https://t.me/simple_quiz/519;telegram_archive/media/post_0519_photo_01.jpg;Вопрос для любителей зарубежных стендапов. Зарегистрируй команду на ближайшую игру сезона @simple_quiz;0.9458;Ответ подтверждён реакцией канала
520;2026-02-26;Блогер Софья Шамсутдинова ведет блог на «Спортсе”» и снимает рилзы Ha тему того, как учится играть в футбол: в роликах она чеканит мяч и делает разнообразные трюки. Название ее блога - каламбур, связанный сее именем и хорватским ресурсом, помогающим следить за ходом матча. Воспроизведите ее никнейм на «Спортсе”» и в других соцсетях.;Sofascore;1530;https://t.me/simple_quiz/520?comment=1530;«Симпл Квиз» | Минута на обсуждение;channel_reaction;;;https://t.me/simple_quiz/520;telegram_archive/media/post_0520_photo_01.jpg;Подписывайтесь, кстати, на инстулю Сони, как разгадаете ее айди: она классная Зарегистрируй команду на ближайшую игру сезона @simple_quiz;0.9383;Ответ подтверждён реакцией канала
521;2026-02-27;В треке рэпера «эхопрокуренныхподъездов», посвященном одному из футболистов, есть следующие строчки: «И тебе больше не увидеть, как Кану Заколачивает со стандарта ИКС» ИКС реально забивал Кану со стандарта. Назовите ИКС.;;;;;;;;https://t.me/simple_quiz/521;telegram_archive/media/post_0521_photo_01.jpg;Давайте вспоминать всех, кто клал Оливеру со штрафного. Зарегистрируй команду на ближайшую игру сезона @simple_quiz;0.9541;Распознано — проверить ответ
524;2026-02-28;Фотограф Денис Тырин опубликовал фотографию с турнира по фигурному катанию. Благодаря талантливому кадрированию фото от названия турнира на рекламном щите за спиной Аделии Петросян осталось лишь шесть букв, что добавило фотографии дополнительный смысл. Эти шесть букв вы можете найти даже в первом абзаце вопроса. Напишите их.;Пофигу;1570;https://t.me/simple_quiz/524?comment=1570;«Симпл Квиз» | Минута на обсуждение;channel_reaction;;;https://t.me/simple_quiz/524;telegram_archive/media/post_0524_photo_01.jpg;Фанаты фигурки присутствуют? Зарегистрируй команду на ближайшую игру сезона @simple_quiz;0.9588;Ответ подтверждён реакцией канала
527;2026-03-01;ИКС - фамилия довольно известного монстра. Если к ИКСУ добавить гласную букву и еще один орфографический знак, получится совершенно другой монстр: семикратный чемпион мира, выступающий на про-уровне вот уже 33 года. Назовите вид спорта, в котором выступает второй монстр.;Снукер;1578;https://t.me/simple_quiz/527?comment=1578;«Симпл Квиз» | Минута на обсуждение;channel_reaction;;;https://t.me/simple_quiz/527;telegram_archive/media/post_0527_photo_01.jpg;Р-р-р-р-р-р! [Испугались?] Зарегистрируй команду на ближайшую игру сезона @simple_quiz;0.9528;Ответ подтверждён реакцией канала
535;2026-03-05;Среди экс-комментаторов «НТВ-Плюс», оказавшихся на «Матч ТВ», пригласили и ЗАМЕНА. ЗАМЕНА - один из футболистов «Комо». Игрок проводит лишь первый сезон в Серии А после трансфера из загребского «Динамо». Что мы зашифровали под ЗАМЕНА?;Батурина;1607;https://t.me/simple_quiz/535?comment=1607;«Симпл Квиз» | Минута на обсуждение;channel_reaction;;;https://t.me/simple_quiz/535;telegram_archive/media/post_0535_photo_01.jpg;Вспоминаем всех легенд «НТВ-Плюса» @simple_quiz;0.9521;Ответ подтверждён реакцией канала
542;2026-03-06;В диджитал-версии журнала «Коммерсантъ» публикация, посвященная победе Андрея Рублева над Роджером Федерером, была озаглавлена следующим образом: «Андрей Рублев СДЕЛАЛ ЭТО». В 1904 году в Казанском Богородицком монастыре СДЕЛАЛИ ЭТО - это один из самых известных подобных случаев в России. Закончите заголовок «Коммерсанта» двумя словами.;Вынес икону;1619;https://t.me/simple_quiz/542?comment=1619;«Симпл Квиз» | Минута на обсуждение;channel_reaction;;;https://t.me/simple_quiz/542;telegram_archive/media/post_0542_photo_01.jpg;Да что ж такое, опять вопрос на основе какого-то там заголовка... @simple_quiz;0.9577;Ответ подтверждён реакцией канала
544;2026-03-07;Довольно известный русский иконописец ИКС родился и вырос в Византии, поэтому вошел в историю как ИКС ИГРЕК. Сразу 23 чемпиона Европы по футболу в 21-м веке были ИГРЕКАМИ. Назовите ИГРЕК.;Феофан Грек;1627;https://t.me/simple_quiz/544?comment=1627;«Симпл Квиз» | Минута на обсуждение;channel_reaction;;;https://t.me/simple_quiz/544;telegram_archive/media/post_0544_photo_01.jpg;И снова искусствоведческий вопросик. @simple_quiz;0.9529;Ответ подтверждён реакцией канала
545;2026-03-09;В средневековье во время осады города вражескими войсками в населенном пункте зачастую начинался ОН. Вы можете знать другого ЕГО: он периодически появляется в студии «Матч ТВ». Назовите ЕГО.;Мор;1634;https://t.me/simple_quiz/545?comment=1634;«Симпл Квиз» | Минута на обсуждение;channel_reaction;;;https://t.me/simple_quiz/545;telegram_archive/media/post_0545_photo_01.jpg;Вспоминаем резидентов студий «Матч ТВ» @simple_quiz;0.9621;Ответ подтверждён реакцией канала
551;2026-03-16;ИИ-художник jslayart составил несколько ростеров по определенному принципу. В одну команду вошли Джейлен Брансон, Наруто, Гоку, Существо, Микеланджело, Аанг. В другую - Патрик Махоумс, Майкл Джордан, Флеш, Тайгер Вудс, Дэдпул. В третью - Ламар Джексон, TaHoc, Джокер, Канг Завоеватель, Фриза. По какому принципу составлены эти ростеры?;По цветам костюмов: оранжевый, красный, фиолетовый;1657;https://t.me/simple_quiz/551?comment=1657;«Симпл Квиз» | Минута на обсуждение;channel_reaction;;;https://t.me/simple_quiz/551;telegram_archive/media/post_0551_photo_01.jpg;Начинаем подготовку к игре 23 марта @simple_quiz;0.941;Ответ подтверждён реакцией канала
552;2026-03-17;В январе 2013 года Ha Sports.ru вышел пост Кирилла Благова, посвященный лишнему весу звезды РПЛ из Эквадора. Вторая часть заголовка выглядела так: «Как отпуск Кайседо превратился в событие». Первая состояла из имени и фамилии известного южноамериканского спортсмена. Воспроизведите каламбур из первой части заголовка.;Фелипе Масса;1660;https://t.me/simple_quiz/552?comment=1660;«Симпл Квиз» | Минута на обсуждение;channel_reaction;;;https://t.me/simple_quiz/552;telegram_archive/media/post_0552_photo_01.jpg;Кто ностальгирует по каламбурным заголовкам спортивных медиа? @simple_quiz;0.9534;Ответ подтверждён реакцией канала
553;2026-03-18;Серхио Перес, Сергей Карякин, Артур Шилов - всех их называли ИМ. Маурицио Сарри называл ИМ Лучано Спаллетти. Действующего ЕГО мы называть не будем. Назовите ЕГО двумя словами.;Министр обороны;1668;https://t.me/simple_quiz/553?comment=1668;«Симпл Квиз» | Минута на обсуждение;channel_reaction;;;https://t.me/simple_quiz/553;telegram_archive/media/post_0553_photo_01.jpg;Daily quiz для тех, кто прорвался сквозь все замедления и блокировки @simple_quiz;0.956;Ответ подтверждён реакцией канала
555;2026-03-21;ОНО - один из самых популярных фильмов Брайана Де Пальмы. ОНО - прозвище культового футболиста, который отбегал 17 матчей за «Галатасарай», а потом 17 лет играл исключительно в клубах из топ-5 лиг Европы. Что такое ОНО? Ответьте тремя словами.;Лицо со шрамом;1673;https://t.me/simple_quiz/555?comment=1673;«Симпл Квиз» | Минута на обсуждение;channel_reaction;;;https://t.me/simple_quiz/555;telegram_archive/media/post_0555_photo_01.jpg;Зовем всех киноманов в комменты @simple_quiz;0.9556;Ответ подтверждён реакцией канала
561;2026-03-27;_—— ss В 2021 году в Германии выпустили 110 почтовые марки, посвященные 25- о к Fa С летнему юбилею победы ЕГО a АА. ag м4 *у над действующим на тот момент им а ем 3 тг AS dy Hye чемпионом мира Гарри Каспаровым. и мм “a ast i Несмотря на то, что мы скрыли 2 ЖЕ! фрагмент марки, вы все равно можете a F рассмотреть ЕГО на изображении. САВЕ! KASPAROW 20216 Назовите ЕГО имя двумя английскими словами абсолютно точно.;Deep Blue;1686;https://t.me/simple_quiz/561?comment=1686;«Симпл Квиз» | Минута на обсуждение;channel_reaction;;;https://t.me/simple_quiz/561;telegram_archive/media/post_0561_photo_01.jpg;Е4 @simple_quiz;0.7426;Ответ подтверждён реакцией канала
567;2026-04-02;В США начали принимать ставки на то, кто СДЕЛАЕТ ЭТО до 2027 года. Иронично, что шансы на то, что Леброн Джеймс СДЕЛАЕТ ЭТО до 2027 года, оценивают выше, чем шансы на чемпионство «Лейкерс». Согласно котировкам букмекеров, шансы Леброна на то, что он СДЕЛАЕТ ЭТО до 2027 года, ниже, чем, например, владельца «Далласа» Марка Кьюбана, экс-игрока НФЛ Тома Брэйди, спортивного аналитика Стивена Эй Смита, а еще - Дуэйна «Скалы» Джонсона, Джорджа Клуни, Илона Маска и Ким Кардашьян. Что мы зашифровали под СДЕЛАЕТ ЭТО?;Объявит о выдвижении в президенты;1698;https://t.me/simple_quiz/567?comment=1698;«Симпл Квиз» | Минута на обсуждение;channel_reaction;;;https://t.me/simple_quiz/567;telegram_archive/media/post_0567_photo_01.jpg;Готовимся к 13 апреля @simple_quiz;0.9525;Ответ подтверждён реакцией канала
568;2026-04-04;В 1921 году британец Гарольд Сирлс Торнтон запатентовал некое устройство. Его структуру можно описать числовым рядом «123553 2 I». Сейчас многие из вас знают это устройство как ИКС Другой ИКС, который вы тоже можете знать, был основан на год раньше, в 1920 году в Нюрнберге. Назовите ИКС.;Кикер;1706;https://t.me/simple_quiz/568?comment=1706;«Симпл Квиз» | Минута на обсуждение;channel_reaction;;;https://t.me/simple_quiz/568;telegram_archive/media/post_0568_photo_01.jpg;Разгадываем числовой ряд. @simple_quiz;0.9548;Ответ подтверждён реакцией канала
569;2026-04-04;В 2008 году сайт Goal.com опубликовал пост, посвященный поражению «Ювентуса» в еврокубковом матче. Он звучал на английском так: «Old Lady unable to master ПРОПУСК at home». Разумеется, в заголовке зашифрована игра слов, причем довольно непристойная. Заполните ПРОПУСК четырьмя буквами.;БАТЭ;1709;https://t.me/simple_quiz/569?comment=1709;«Симпл Квиз» | Минута на обсуждение;channel_reaction;;;https://t.me/simple_quiz/569;telegram_archive/media/post_0569_photo_01.jpg;Опять вопрос по заголовкам в медиа Записаться на ближайшую игру @iamkirian @simple_quiz;0.9497;Ответ подтверждён реакцией канала
570;2026-04-05;«Википедия» считает, что одна ОНА больше известна под фамилией Белобородова. МОК аннулировал ее золотую медаль Олимпиады-2012. Другая ОНА имела непосредственное отношение к интеллектуальным играм, но стала известной благодаря спортивным медиа. ОН - один из самых заметных и известных журналистов «Чемпионата». Какая фамилия объединяет этих людей?;Лысенко;1715;https://t.me/simple_quiz/570?comment=1715;«Симпл Квиз» | Минута на обсуждение;channel_reaction;;;https://t.me/simple_quiz/570;telegram_archive/media/post_0570_photo_01.jpg;Разминочный Записаться на ближайшую игру @iamkirian @simple_quiz;0.9488;Ответ подтверждён реакцией канала
571;2026-04-06;Мария побеждала на чемпионатах мира, Европы и континентальных кубках и до замужества. Но олимпийское золото покорилось ей лишь тогда, когда ее муж прокомментировал ее выступление в эфире «Первого канала». Назовите актуальную фамилию Марии.;;;;;;;;https://t.me/simple_quiz/571;telegram_archive/media/post_0571_photo_01.jpg;Через мужа вопрос возьмут только истинные ценители русского спортивного телевидения Записаться на игру 13 апреля @iamkirian @simple_quiz;0.9618;Распознано — проверить ответ
572;2026-04-09;50 Cent - 21 ИКС. Обладатель второго места конкурса комментаторов «России-2» в 2012 году - 50 ИКСОВ. Чему равен ИКС?;Вопрос (question);1728;https://t.me/simple_quiz/572?comment=1728;«Симпл Квиз» | Минута на обсуждение;channel_reaction;;;https://t.me/simple_quiz/572;telegram_archive/media/post_0572_photo_01.jpg;Продолжаем подготовку к «Симпл Квизу» 13 апреля На «Битве редакций» этот вопрос вызвал много проблем – а у вас? Записаться на ближайшую игру @iamkirian @simple_quiz;0.9431;Ответ подтверждён реакцией канала
587;2026-04-27;В пьесе «Двенадцатая ночь» Уильям Шекспир писал, что дурацкий колпак ПРОПУСК не портит. ПРОПУСК точно не испортил «Кливленд» в 2016 году, ведь команда стала чемпионом НБА. Восполните ПРОПУСК.;Мозгов;1781;https://t.me/simple_quiz/587?comment=1781;«Симпл Квиз» | Минута на обсуждение;channel_reaction;;;https://t.me/simple_quiz/587;telegram_archive/media/post_0587_photo_01.jpg;Что? Вопрос по Шекспиру? @simple_quiz;0.9624;Ответ подтверждён реакцией канала
588;2026-04-27;Матч «Арсенала» и «Кристал Пэласа» 1 января 2017 года вызвал много шуток и реакций в соцсетях и на спортивных сайтах из-за ЕГО гола: русскоязычные фанаты футбола посчитали ЕГО гол довольно символичным. Кто забил гол в том матче?;Оливье Жиру;1793;https://t.me/simple_quiz/588?comment=1793;«Симпл Квиз» | Минута на обсуждение;channel_reaction;;;https://t.me/simple_quiz/588;telegram_archive/media/post_0588_photo_01.jpg;А вот такой новогодний квесчен вам как? @simple_quiz;0.9576;Ответ подтверждён реакцией канала
589;2026-04-28;ОН на английском - бывший футболист, забивавший за «Лацио» и «Рейнджерс». ОН на русском - главный герой мультфильма «Пес в сапогах». Назовите ЕГО по-английски или по-русски.;Gascoigne / Гасконец;1796;https://t.me/simple_quiz/589?comment=1796;«Симпл Квиз» | Минута на обсуждение;channel_reaction;;;https://t.me/simple_quiz/589;telegram_archive/media/post_0589_photo_01.jpg;Опять вопрос для полиглотов @simple_quiz;0.9447;Ответ подтверждён реакцией канала
594;2026-04-30;Жительница Манилы четыре года молилась статуэтке ИКСА, ошибочно думая, что это Хотэй - популярное в китайской культуре божество счастья, благополучия, веселья и общения. Ее смутил большой живот статуэтки. ИКС — прозвище футболиста, который по завершении карьеры потренировал клубы из Вашингтона, Плимута, Бирмингема и Дерби. Назовите ИКС.;Шрек;1806;https://t.me/simple_quiz/594?comment=1806;«Симпл Квиз» | Минута на обсуждение;channel_reaction;;;https://t.me/simple_quiz/594;telegram_archive/media/post_0594_photo_01.jpg;🙏;0.9422;Ответ подтверждён реакцией канала
601;2026-05-05;На альбоме «Пиры и раны» группы «Кровосток» есть песна «ЗАМЕНА». ЗАМЕНА состоит из двух глаголов, которые образуют фразу, используемую для ироничного описания тактики некоторых футбольных команд. ЗАМЕНА - правда, с чуть измененной орфографией, — название ныне несуществующей медиафутбольной команды. Воспроизведите ЗАМЕНУ.;Бей-беги;1828;https://t.me/simple_quiz/601?comment=1828;«Симпл Квиз» | Минута на обсуждение;channel_reaction;;;https://t.me/simple_quiz/601;telegram_archive/media/post_0601_photo_01.jpg;Фанаты «Кровостока» (или медиафутбола) присутствуют? Напоминаем, что версии в комменты мы пишем под спойлером @simple_quiz;0.9477;Ответ подтверждён реакцией канала
604;2026-05-05;Сайт 9meters подсчитал, что в мире живет 2700 ТАКИХ людей. 33 из 2700 ТАКИХ людей играют в НБА. ТАКИЕ - составное прилагательное, причем второй корень очень редко используется в России и часто — в США. Что мы зашифровали под ТАКИМИ?;Семифутеры;1835;https://t.me/simple_quiz/604?comment=1835;«Симпл Квиз» | Минута на обсуждение;channel_reaction;;;https://t.me/simple_quiz/604;telegram_archive/media/post_0604_photo_01.jpg;[думаем] @simple_quiz;0.9475;Ответ подтверждён реакцией канала
607;2026-05-06;АЛЬФОЙ в славянской мифологии называли духа умершего человека в облике женщины. Известная вам АЛЬФА - олимпийская чемпионка, которая сначала вышла замуж за тренера, а затем — за человека, в честь отличительной особенности которого назвали либеральное микромедиа. Назовите АЛЬФУ.;Навка;1843;https://t.me/simple_quiz/607?comment=1843;«Симпл Квиз» | Минута на обсуждение;channel_reaction;;;https://t.me/simple_quiz/607;telegram_archive/media/post_0607_photo_01.jpg;Религиозный вопросик @simple_quiz;0.9517;Ответ подтверждён реакцией канала
611;2026-05-08;Поговорим о маршрутах. Из «Селтикс» в «Суперсоникс» - 90. Из «Селтикс» в «Уорриорз» - 80. Из «Уизардс» в «Уорриорз» - 50. Число, которое соответствует маршруту Пау Газоля в 2014-м, вы прекрасно знаете: ему посвящено много отсылок в поп-культуре. Назовите его.;Route 66;1858;https://t.me/simple_quiz/611?comment=1858;«Симпл Квиз» | Минута на обсуждение;channel_reaction;;;https://t.me/simple_quiz/611;telegram_archive/media/post_0611_photo_01.jpg;Вопрос со звездочкой: в понедельник с вопросом справились не все @simple_quiz;0.9447;Ответ подтверждён реакцией канала
613;2026-05-08;Если бы популярный российский блогер получил прозвище, потому что он EE сын, это было бы намного более логично. Но нет: несмотря на совпадение фамилий, он не состоит с НЕЙ в родственных связях. ОНА завоевала серебряную медаль на ОИ в Сиднее и сразу две медали - золото и бронзу - в Афинах. Назовите EE имя и фамилию.;Татьяна Лебедева;1860;https://t.me/simple_quiz/613?comment=1860;«Симпл Квиз» | Минута на обсуждение;channel_reaction;;;https://t.me/simple_quiz/613;telegram_archive/media/post_0613_photo_01.jpg;Этот вопрос тоже вызвал сложности у мастеров в понедельник @simple_quiz;0.9554;Ответ подтверждён реакцией канала
617;2026-05-11;Один ОН - французский автогонщик, девятикратный чемпион мира. Другой ОН - немецкий автогонщик, четырехкратный чемпион мира. Было бы символично, если бы и первый, и второй ОН одержали победы в одном испанском городе, но гонки, в которых они принимали участие, в нем не проходили. Назовите ЕГО.;Сан-Себастьян;1870;https://t.me/simple_quiz/617?comment=1870;«Симпл Квиз» | Минута на обсуждение;channel_reaction;;;https://t.me/simple_quiz/617;telegram_archive/media/post_0617_photo_01.jpg;Продуктивной всем недели! @simple_quiz;0.9494;Ответ подтверждён реакцией канала
618;2026-05-11;1988, 1992, 1996, 2000 - ПЕРВЫЕ. 1988, 1992, 1994, 1998 —- ВТОРЫЕ. Назовите ПЕРВЫЕ и ВТОРЫЕ.;Летние и зимние Олимпийские игры;1874;https://t.me/simple_quiz/618?comment=1874;«Симпл Квиз» | Минута на обсуждение;channel_reaction;;;https://t.me/simple_quiz/618;telegram_archive/media/post_0618_photo_01.jpg;Версии? @simple_quiz;0.9302;Ответ подтверждён реакцией канала
620;2026-05-12;«Манчестер Сити», «Интер», «Лилль», «Бавария», «Атлетико» - все эти клубы объединяет трек FRIENDLY THUG 52 МСС с альбома «Graf Monte-Cristo/Most Valuable Pirate». Воспроизведите название этого трека.;2021;1884;https://t.me/simple_quiz/620?comment=1884;«Симпл Квиз» | Минута на обсуждение;channel_reaction;;;https://t.me/simple_quiz/620;telegram_archive/media/post_0620_photo_01.jpg;Писятдва! @simple_quiz;0.9527;Ответ подтверждён реакцией канала
623;2026-05-13;В интернете можно найти победителей ЭТОГО турнира с 1949 года. Вот некоторые из них. 2025 - Джексон Шторм. 2024 - Пол Корнев. 2023 - Райан Лэйни. 2022 - Тим Тредлесс. 2021 - Круз Рамирес. 2020 - Чейз Рейселотт. В 2006, 2007, 2009, 2010, 2011, 2012 и 2015 годах победителем становился рекордсмен, которому даже посвятили серию фильмов. Назовите турнир, о котором идет речь.;Кубок Поршня;1890;https://t.me/simple_quiz/623?comment=1890;«Симпл Квиз» | Минута на обсуждение;channel_reaction;;;https://t.me/simple_quiz/623;telegram_archive/media/post_0623_photo_01.jpg;Вопрос для киноманов @simple_quiz;0.9395;Ответ подтверждён реакцией канала
624;2026-05-14;В английском языке для того, чтобы превратить фамилию главного героя культового сериала в фамилию члена Зала славы снукера, необходимо убрать согласную букву. В русском языке для того, чтобы превратить фамилию главного героя культового сериала в фамилию члена Зала славы снукера, необходимо заменить согласную букву. Назовите члена Зала славы снукера, о котором идет речь.;Марк Селби;1896;https://t.me/simple_quiz/624?comment=1896;«Симпл Квиз» | Минута на обсуждение;channel_reaction;;;https://t.me/simple_quiz/624;telegram_archive/media/post_0624_photo_01.jpg;Всем правильно ответившим – респект от Владимира Синицына @simple_quiz;0.9591;Ответ подтверждён реакцией канала
625;2026-05-18;Обидно, что в «Орландо» нет футболиста по имени и фамилии Эйбел - они бы составили потрясающую, чуть ли не братскую связку с другим игроком «Мэджик». Назовите фамилию этого игрока - или ее русскоязычный аналог.;Каин;1898;https://t.me/simple_quiz/625?comment=1898;«Симпл Квиз» | Минута на обсуждение;channel_reaction;;;https://t.me/simple_quiz/625;telegram_archive/media/post_0625_photo_01.jpg;Новый «Симпл Квиз» уже через 7 дней Готовимся? Ну и записываться не забывайте @iamkirian @simple_quiz;0.9531;Ответ подтверждён реакцией канала
628;2026-05-24;Баскетболист «Никс» Карл-Энтони Таунс приехал на Матч звезд НБА в бомбере, на спине которого был изображен христианский святой в узнаваемом образе. Согласно житию этого святого, он родился в Каппадокии. А его изображение вы точно видели много раз. Возможно, вам помогут догадаться, где оно вам встречалось, числа 1, 5, 10 и 50. Назовите этого святого двумя словами.;Георгий Победоносец;1908;https://t.me/simple_quiz/628?comment=1908;«Симпл Квиз» | Минута на обсуждение;channel_reaction;;;https://t.me/simple_quiz/628;telegram_archive/media/post_0628_photo_01.jpg;Завтра свежий квиз, кстати! Все записались? Кто не записался – велкоме в личку @iamkirian @simple_quiz;0.9471;Ответ подтверждён реакцией канала
635;2026-05-29;В декабре 2022 года звезда лыжного двоеборья Гида Вествол Хансен нарисовала ЭТО в знак протеста. Ее возмутило, что в 2022 году лыжное двоеборье было единственной дисциплиной, где не были представлены женщины. Основной посыл ее перфоманса был в том, что если бы она была мужчиной, она могла бы квалифицироваться на Олимпиаду. Что нарисовала Хансен?;;;;;;;;https://t.me/simple_quiz/635;telegram_archive/media/post_0635_photo_01.jpg;🎨🎨🎨 @simple_quiz;0.9578;Распознано — проверить ответ
636;2026-05-31;Во время одного из соревнований в рамках All-Star Weekend НБА используется необычный снаряд. У этого снаряда составное название: первая часть подчеркивает ценность этого снаряда. В 201 году вышел фильм, который в американском прокате называется так же, как и этот необычный снаряд. Напишите, как назвали фильм в российском кинопрокате.;;;;;;;;https://t.me/simple_quiz/636;telegram_archive/media/post_0636_photo_01.jpg;Доброе утро! @simple_quiz;0.9594;Распознано — проверить ответ
644;2026-06-03;Одна из песен ВИА «Биртман» называется ИКС. Вот что говорил известный вам беллетрист, сыгравший главную роль в клипе ИКС: «Если вы вообще слушали текст песни, то ИКС - это нея, не мой персонаж. А пришел и исправил то, что натворил ИКС. И всем опять стало весело». При жизни многие давали беллетристу характеристику, синонимичную с ИКСОМ. ИКС состоит из двух существительных. Воспроизведите ИКС.;;;;;;;;https://t.me/simple_quiz/644;telegram_archive/media/post_0644_photo_01.jpg;Готовимся к игре 15 числа Записаться на игру: @iamkirian @simple_quiz;0.9506;Распознано — проверить ответ
645;2026-06-04;Легендарный баскетбольный тренер Пэт Райли сказал: «Я думаю, что аудитория хочет видеть за пределами паркета кого-то, кто выглядит как лидер, одет как лидер и ведет себя как лидер». Поэтому он предложил тренерам НБА сделать STO. Что предложил сделать тренерам HBA Пэт Райли?;;;;;;;;https://t.me/simple_quiz/645;telegram_archive/media/post_0645_photo_01.jpg;Придумаем версию? Записаться на игру @iamkirian @simple_quiz;0.9585;Распознано — проверить ответ
647;2026-06-07;ЗАМЕНА одержала более чем в П раз больше побед, чем проиграла матчей. Все спортсмены в виде спорта, в котором прославилась ЗАМЕНА, рано или поздно оказываются на ЗАМЕНЕ. А самые достойные оказываются на ЗАМЕНЕ, названном в честь ЗАМЕНЫ. Назовите ЗАМЕНУ.;;;;;;;;https://t.me/simple_quiz/647;telegram_archive/media/post_0647_photo_01.jpg;ЗАМЕНА ЗАМЕНА ЗАМЕНА ЗАМЕНА @simple_quiz;0.9524;Распознано — проверить ответ
648;2026-06-08;ИКС - один из создателей математического анализа. Благодаря ИКСАМ стало намного проще считать, кто — или что - сильнее. Аеще ИКС - квотербек, которого пикнули под первым номером в 201 году. Почти всю карьеру он провел в одной команде, на сезон заглянув в «Пэтриотс». Назовите ИКС.;;;;;;;;https://t.me/simple_quiz/648;telegram_archive/media/post_0648_photo_01.jpg;Планы на вечер понедельника: • Размять голову, ответив на вопрос с квиза (даже если кто-то уже под спойлером написал верную версию) • Записаться на ближайшую игру (15 июня, понедельник – пост в закрепе) @simple_quiz;0.9375;Распознано — проверить ответ
649;2026-06-10;Английским названием картины Рембрандта, написанной в 1642 году и оцененной в 500 миллионов долларов, можно описать то, что делают жители Москвы, предпочитающие смотреть американские виды спорта в прямом эфире. Российское название той же картины Рембрандта носит также один из романов российского писателя, по мотивам которого в 2004 году сняли фильм, собравший 33 миллиона долларов в прокате. Мы не просим назвать российское название картины - назовите его английскую версию.;;;;;;;;https://t.me/simple_quiz/649;telegram_archive/media/post_0649_photo_01.jpg;Кто шарит за Рембрандта? @simple_quiz;0.9587;Распознано — проверить ответ
659;2026-06-13;ИКС выиграл девять титулов с «Баварией» за три года. С сезона-2016-2017 он выступает в другой стране, будучи капитаном команды из топ-5 лиг. Другой ИКС написал главное произведение примерно за 700 лет до старта карьеры футбольного ИКСА. Назовите ИКС.;;;;;;;;https://t.me/simple_quiz/659;telegram_archive/media/post_0659_photo_01.jpg;Финальная разминка перед игрой в понедельник @simple_quiz;0.9567;Распознано — проверить ответ
664;2026-06-19;В 2021 году Леонид Слуцкий сделал ЕЕ: он рассказал об этом Ксении Собчак на ее УочТиБе-канале. С 2022 года многие россияне начали намного чаще делать EE, если хотят посетить страны Европы, Азии и Америки. Назовите EE тремя словами.;Пересадка в Турции;1977;https://t.me/simple_quiz/664?comment=1977;«Симпл Квиз» | Минута на обсуждение;channel_reaction;;;https://t.me/simple_quiz/664;telegram_archive/media/post_0664_photo_01.jpg;А пока – вопросики с последнего квиза @simple_quiz;0.9532;Ответ подтверждён реакцией канала
669;2026-06-25;Один из экспертов по русскому футболу дал такую характеристику 20-летнему форварду «Уфы» и воспитаннику одного из топ-клубов РПЛ Алексею Барановскому: «Он наглый пацан, который хорошо умеет играть в футбол. Говорю ему: все отлично, кроме фамилии». Назовите эксперта, который дал эту характеристику.;Андрей Аршавин;2000;https://t.me/simple_quiz/669?comment=2000;«Симпл Квиз» | Минута на обсуждение;channel_reaction;;;https://t.me/simple_quiz/669;telegram_archive/media/post_0669_photo_01.jpg;Потихоньку готовимся к футбольному квизу Не забывайте записываться! @simple_quiz;0.9577;Ответ подтверждён реакцией канала
682;2026-06-26;"Перед вами фрагмент постера, со Ма та посвященного одному =. м. ее спортивному событию. Горы, rh. которые стали частью Ч 4 а композиции, мы скрыли. AS ; Мы He спрашиваем вас, что А . это за событие - напишите, в 12 форме чего выполнен силуэт Ni города на этом постере. (5 R E";Олимпийский факел;2023;https://t.me/simple_quiz/682?comment=2023;«Симпл Квиз» | Минута на обсуждение;channel_reaction;;;https://t.me/simple_quiz/682;telegram_archive/media/post_0682_photo_01.jpg;А держите вопросик для разминки в пятницу вечером! @simple_quiz;0.7423;Ответ подтверждён реакцией канала
684;2026-06-30;Обратная ОНА была распространенным приемом в византийской и древнерусской иконописи. Когда речь идет о талантливых спортсменах, часто говорят о НЕЙ и называют ТАКИМИ - прилагательным, образованным от слова ОНА. Правда, чем старше спортсмен, тем реже мы говорим о том, что он - ТАКОЙ. Даи ИХ у него становится меньше. Назовите EE.;Перспектива;2026;https://t.me/simple_quiz/684?comment=2026;«Симпл Квиз» | Минута на обсуждение;channel_reaction;;;https://t.me/simple_quiz/684;telegram_archive/media/post_0684_photo_01.jpg;Искусствоведы тут есть? @simple_quiz;0.955;Ответ подтверждён реакцией канала
716;2026-07-21;Если бы мы были корейцами, то этой парой стран для нас были бы Гана и Венгрия. Если бы мы были англичанами, то этой парой стран для нас были бы Афганистан и Зимбабве. Для казахстанцев этой парой стран являются Албания и Ямайка. А для россиян - две страны-участницы чемпионата мира-2026. Назовите эти две страны.;;;;;;;;https://t.me/simple_quiz/716;telegram_archive/media/post_0716_photo_01.jpg;Начнем с вопроса для полиглотов @simple_quiz;0.9563;Распознано — проверить ответ
717;2026-07-21;Несмотря на то, что эта европейская страна не попала на чемпионат мира по футболу, ее англоязычное название можно было увидеть во время трансляций как минимум восьми матчей ЧМ-2026. Назовите эту европейскую страну.;Грузия;2103;https://t.me/simple_quiz/717?comment=2103;«Симпл Квиз» | Минута на обсуждение;channel_reaction;;;https://t.me/simple_quiz/717;telegram_archive/media/post_0717_photo_01.jpg;А вот еще вопрос про страну – правда, уже не про ту, что играла на ЧМ-2026 @simple_quiz;0.9595;Ответ подтверждён реакцией канала
718;2026-07-21;В 2006 году на платформе PSP вышла игра, где основной механикой был наклон планеты. Первая часть названия - испанское слово, которое совпадает с прозвищем тренера, не вышедшего вместе со сборной из группы на ЧМ-2026. Назовите фамилию этого тренера.;Марсело Бьельса;2108;https://t.me/simple_quiz/718?comment=2108;«Симпл Квиз» | Минута на обсуждение;channel_reaction;;;https://t.me/simple_quiz/718;telegram_archive/media/post_0718_photo_01.jpg;И вопрос для геймеров @simple_quiz;0.957;Ответ подтверждён реакцией канала
719;2026-07-23;"В переводе с греческого это имя означает «бессмертный». Все, кто смотрел ЧМ-2026, наверняка слышали это имя. Услышать это имя от футбольного комментатора практически нереально, - вы навряд ли знаете хотя бы одного футболиста с таким именем. Но оно уже так прочно ассоциируется с этим ЧМ-2026, что на «Cnoptce""» даже вышла статья, посвященная этому «бессмертному». О каком имени идет речь?";;;;;;;;https://t.me/simple_quiz/719;telegram_archive/media/post_0719_photo_01.jpg;Пум. Все записались на игры в СПб и Мск на следующей неделе? @simple_quiz;0.9533;Распознано — проверить ответ