post_id	mechanic	areas	solution_chain	difficulty	repeatability
6	Ироническое совпадение названия и события	NHL + природные явления	Названия «Харрикейнз» и «Флэймз» → реальные причины переносов матчей → ураган и пожары	4	Высокая
7	Многозначное название команды	Американский спорт + музыка	Названия клубов совпадают с жанрами → Utah Jazz и St. Louis Blues → джаз и блюз	4	Высокая
17	Хронология визуального брендинга	Футбол + видеоигры + реклама	Цифры у рекламного знака меняются по поколениям консоли → логотип PlayStation	6	Средняя
19	Медийное событие через бренд	Футбол + рестораны + новости	Российские футболисты и громкий инцидент 2018 года → сеть ресторанов «Кофемания»	4	Средняя
35	Этимология фамилий	Баскетбол + русский язык	Значения «живот» и «верхние листья капусты» → фамилии Моня и Хряпа	5	Высокая
50	Общий термин в биографиях	Футбол + баскетбол + история предметов	Ваньяма и Вембаньяма → общий спортивный термин → предмет с зубчатым колесиком	7	Средняя
127	Восстановление цитаты	Теннис + советское кино	Заголовок про Мугурусу → аллюзия на фразу из фильма о пионерах → восстановление пропуска	6	Средняя
130	Имя как название команды	Баскетбол + музыка + реклама	Песня Queen в рекламе → слово Magic → Мэджик Джонсон и Orlando Magic	4	Высокая
141	Многозначное географическое слово	NBA + экипировка + география	Предмет формы клуба и прежнее название команды НБА → jersey / Джерси	4	Высокая
142	Табличная мета-шутка	Медиафутбол + турнирная таблица	Постоянная позиция 22 → название команды считывается из устройства таблицы	3	Низкая
145	Цепочка одноимённых сущностей	Футбол + автомобили + спортивные медиа	Игроки, автомобильный образ и комментатор → общий именованный объект	7	Средняя
157	Контекстная многозначность	Стрелковый спорт + интернет-сленг	Оскорбительный бытовой термин → стрельба по тарелочкам → «тарелочница»	5	Высокая
178	Многозначный топоним	Живопись + футбол + география	«Похищение Европы» → футболисты вне Европы → физическое нахождение в Европе	4	Высокая
180	Совпадение имени	Живопись + теннис	Первое событие в жизни Венеры → «Рождение Венеры» Боттичелли и рождение Винус Уильямс	4	Высокая
181	Межъязыковой каламбур	Язык + игровые виды спорта	Английское broski «братишка» → кириллическое «броски» → действия в петанке, дартсе и водном поло	4	Высокая
187	Название песни + спортивный город	Музыка + NBA	Одинаковое название треков → Seattle → город Seattle SuperSonics	5	Высокая
206	Повторяющиеся слоги	Футбол + бизнес	Предприниматель «Додо» и линия обороны «Ромы» → повтор слогов «до-до»	6	Средняя
207	Имя апостола = фамилия игрока	Религия + футбол	Недостающий двенадцатый апостол → совпадение с фамилией футболиста «Динамо»	6	Высокая
213	Каламбур на фамилиях художников	Живопись + футбол	Моне и Мане не подходят к картинам → шедевром в матче становится Мане → Садио Мане	5	Высокая
238	Символ + английская метафора	Хоккей + религия + спортивные прозвища	Необычный приз → символ христианского праздника → английское родственное слово как спортивная аббревиатура	7	Средняя
251	Восстановление объекта из текста песни	Рэп + футбол	Строчка Songer о потребности «Сити» в форварде → трансферная цель → Эрлинг Холанд	5	Средняя
261	Исключение по географическому признаку	Футбол + география + УЕФА	Сравнение Израиля, Кипра и Армении → общий признак членов УЕФА → территория вне Европы	5	Средняя
262	Числовое распределение клубов	Английский футбол + география	Количество команд по дивизионам → единственный общий город с такой раскладкой → Лондон	5	Средняя
263	Имя внутри названия произведения	Футбол + аниме	Имя футболиста дважды встречается в названии аниме → «Дан Да Дан» → Дан Петреску	6	Высокая
264	Разложение слова на химические символы	Футбол + химия + язык	Название клуба раскладывается на элементы → Fe означает железо и испанскую «веру» → «Хетафе»	6	Средняя
265	Визуальная дедукция по эмблеме	Футбол + ботаника + товары	Цена и форма предмета → небольшая округлая шишка на эмблеме клуба → кедровая шишка	5	Средняя
285	Двойное чтение надписи	Футбол + техника + римские цифры	VIDIC читается как название видеоустройства и как V-I-D-I-C → Неманья Видич	6	Средняя
286	Каламбур из характеристики игрока	Футбол + скаутинг + язык	Зрительно заметная особенность футболистов → scouting bias → наречие-каламбур из интервью	7	Средняя
291	Смена значения при добавлении участника	Киберспорт + музыка	Соло 322 → при совместном исполнении это уже не соло → локальный мем о спортсмене	5	Высокая
294	Название песни = название клуба	Музыка + футбол	Два трека с формами одного слова → трибунная песня болельщиков → «Зенит»	5	Высокая
301	Перевод спортивных сокращений	NHL + английский язык	Аббревиатуры клубов читаются как слова → CAR и VAN → автомобиль и фургон	4	Высокая
302	Название игры = клавиша	Видеоигры + компьютерная техника	Серия игр F1 → одноимённая функциональная клавиша почти не используется в игре → F1	3	Высокая
320	Разговорный синоним внутри псевдонима	Музыка + язык	Псевдоним «Тима ищет свет» → Тима как уменьшительное имя и разговорное «команда»	5	Высокая
321	Цитатная параллель	Спортивные медиа + музыка + быт	Домашний инвентарь Василия Уткина → контраст со строчкой «Кровостока» → гантели	6	Средняя
325	Общее прозвище команд	Футбол + студенческий баскетбол	Красные на северо-западе Англии и синие в Северной Каролине → Red Devils и Blue Devils	4	Высокая
326	Оксюморон из термина и фамилии	Футбол + математика	Фанатский термин «угол» + футболист Круговой → «угол круга»	4	Высокая
327	Добавление одной гласной	Футбол + медиа + язык	«Контент» + одна гласная → фамилия Контенто → игрок «Баварии» и «Бордо»	4	Высокая
330	Бренд = спортивный город	Американский спорт + бренды + география	Российский бренд «Балтимор» → город с командами NFL и MLB → отсутствие клубов трёх других лиг	4	Средняя
345	Мифологическое имя клуба	Футбол + мифология + геральдика	Римский аналог Геракла и голова в лавровом венке → испанский клуб «Эркулес»	5	Высокая
349	Совпадение фамилии	Живопись + автоспорт	Автор картин Рубенс → гонщик Рубенс Баррикелло → общее имя Рубенс	4	Высокая
355	Предмет как оскорбительный символ	Хоккей + фанатская культура	Брошенные сосиски → «мясное» прозвище команды-соперника → ответ Максима Афиногенова	5	Средняя
356	Название произведения как событие	Искусство + футбол + интернет-мемы	Мем с Роналду и Адамом → даты рождения → «Сотворение Адама»	5	Высокая
367	Числовой ребус через имя	Футбол + мифология	Бог Ра используется дважды как графическая запись одинакового счёта → 1:1	5	Высокая
371	Культовое число дисциплины	Снукер + автомобильные номера + медиа	Комментатор реагирует на номер → максимальный брейк в снукере → 147	5	Низкая
374	Имя спортсмена = топонимы	Футбол + география	Много объектов Санта-Крус → футболист Роке Санта-Крус → одноимённый мексиканский клуб	5	Высокая
387	Фамилия бога → спортивная дисциплина	Баскетбол + мифология + лёгкая атлетика	Джей Ти Тор → бог Тор и его молот → метание молота	5	Высокая
388	Единственное и множественное число	Футбол + живопись	Футболист Мак → картина Ван Гога «Маки» → проверка подсказкой о номере	5	Высокая
392	Общее название человека и города	Литература + бокс + география	Джек Лондон ранее Чейни → город Лондон ранее Августа → боксёр и место больших боёв	6	Средняя
399	Идентификация вымышленного спортсмена	Анимация + автоспорт + брендинг	Вымышленные шины и спонсоры → логотипы на машине → Молния Маккуин	3	Средняя
415	Общий новый медиаформат	Баскетбол + цифровые медиа	Падение статистики после появления собственных шоу → термин 2004 года → подкаст	5	Средняя
417	Число как имя персонажа	Кино + футбол	Оливия Уайлд и роль Тринадцатой → футболисты с номером 13 → «Тринадцатая»	4	Высокая
418	Добавление согласной к слову	История + футбол + язык	Цитата Франклина задаёт исходное слово → добавление согласной → клуб «Работнички»	6	Высокая
421	Форма логотипа + список разновидностей	NBA + география + ботаника	Старый логотип Knicks и сорта Fuji, Empire, Jonathan → яблоко → символ Нью-Йорка	3	Высокая
431	Одинаковое имя карты и божества	Киберспорт + история + мифология	Карта Counter-Strike «Anubis» → шакалоголовый бог и бальзамирование → Анубис	4	Высокая
434	Распознавание рекламного ролика	Олимпийский спорт + реклама	Видеоряд и спортсмен начала 2000-х → идентификация рекламы → восстановление слогана	7	Низкая
437	Общая категория списка	Футбол + городская инфраструктура	ЦСКА, «Локомотив», «Спартак», «Динамо» входят в перечень 271 объекта → станции метро	3	Средняя
438	Государственная символика на эмблеме	Футбол + мифология + геральдика	Четыре хранителя с герба страны → новая эмблема сборной → Исландия	5	Средняя
441	Визуальная историческая реконструкция	Шахматы + искусство + история	Агитационный фарфор 1922 года → замена традиционных сторон → красные и белые	6	Низкая
445	Служебная карточка — не вопрос	Анонс мероприятия	Рекламная карточка бесплатной игры не содержит квизового вопроса	1	Низкая
450	Эволюция игрового сленга	Киберспорт + футбол + язык	Особенность никнеймов сильных игроков FIFA → термин расширился → «араб»	5	Средняя
451	Служебная карточка — не вопрос	Анонс мероприятия	Рекламная карточка бесплатной игры не содержит квизового вопроса	1	Низкая
452	Название группы = фамилии игроков	Музыка + футбол	Группа из саундтрека FIFA 07 → фамилии Робби и Роя Кина → Keane	4	Высокая
454	Общий рекламный носитель	Музыка + футбол + маркетинг	Исполнители после 2022 года → логотипы на форме клуба → игровые футболки «Барселоны»	5	Средняя
467	Общий образ в фильмографии	Кино + стрельба из лука	Актёры играли персонажей-лучников → общий олимпийский вид спорта → стрельба из лука	4	Высокая
468	Шифр + совпадение фамилии	Литература + NBA + криптография	Зашифрованный персонаж → Шерлок Холмс → баскетболист с фамилией Холмс	5	Средняя
469	Визуальный ребус из логотипов и счёта	MLB + кино	Упрощённые C и P плюс счёт 3:0 → запись C-3PO → персонаж «Звёздных войн»	6	Высокая
473	Общее имя знаменитостей	NBA + NFL + музыка	Ламар Одом, Ламар Джексон и Кендрик Ламар → общее имя Ламар	5	Высокая
474	Исторический трофей как бытовой предмет	Крикет + история	Некролог английскому крикету → серия The Ashes → трофей-урна	5	Средняя
505	Каламбур в заголовке	Биатлон + язык + спортивные медиа	Шаблон «картина маслом» → фамилия призёра → «Скардино маслом»	6	Высокая
507	Общий медийный автор	Спорт + YouTube + массовая культура	Спортсмены появились в проектах одного блогера → настоящее имя Джеймс Дональдсон → MrBeast	4	Средняя
508	Многозначное слово	Спорт + архитектура + язык	Имена спортсменов встречаются в ордерах → архитектурные ордера → слово «ордер»	6	Средняя
509	Многозначная аббревиатура	Спортивные медиа + цифровая культура	Трёхбуквенная аббревиатура из другого типа файлов → международное медиа с африканской редакцией → BBC	6	Низкая
511	Перевод слова + фамилия игрока	Футбол + французский язык + история	Романтический «рыцарь» → французское chevalier → фамилия партнёра и степень ордена	5	Высокая
512	Этимология спортивного медиа	Американский спорт + медиа + язык	Выцветшие скамейки и зрители → bleachers → Bleacher Report	5	Высокая
514	Биографический факт + историческое прозвище	Футбол + история России	Связь Дзюбы с Тушино → прозвище Лжедмитрия II → «Тушинский вор»	5	Средняя
516	Вычитание из статистического списка	Американский футбол + телевидение	100 крупнейших эфиров минус 94 матча NFL → три оставшиеся трансляции → NCAA	4	Средняя
517	Родственная спортивная преемственность	Волейбол + биография	Белгородские клубы и отчества → Сергей и Павел Тетюхины → общая фамилия	3	Высокая
518	Рекламный персонаж через издателя	Футбол + видеоигры + маркетинг	Спонсор Manchester City Eidos → героиня бренда на промофото → Лара Крофт	5	Низкая
519	Контекстная шутка о названии клуба	Футбол + история США + стендап	Chicago Fire и трагедия 1871 года → перенос логики на Нью-Йорк → Jets	6	Низкая
520	Каламбур имени и сервиса	Футбол + социальные медиа	Софья и сервис SofaScore → слитный никнейм → Sofascore	3	Высокая
521	Восстановление эпизода по тексту песни	Рэп + футбол	Строчка о голе со стандарта и адресате Кану → поиск реального матча → фамилия автора гола	7	Низкая
524	Скрытое слово при кадрировании	Фигурное катание + фотография + язык	Обрезанное название турнира → остаются шесть букв со вторым смыслом → «пофигу»	4	Высокая
527	Буквенная трансформация имени	Хоррор + снукер + язык	Фамилия монстра → добавление гласной и знака → прозвище О’Салливана → снукер	6	Средняя
535	Совпадение фамилии	Спортивные медиа + футбол	Экс-комментатор НТВ-Плюс и футболист «Комо» → общая фамилия Батурин/Батурина	6	Высокая
542	Двойное значение фразы	Теннис + иконопись + история	Победа Рублева над Федерером → спортивное «вынес» + фамилия иконописца → «вынес икону»	6	Высокая
544	Демоним как часть имени	Иконопись + футбол + география	Феофан из Византии → прозвище Грек → чемпионы Европы-греки	4	Высокая
545	Омоним исторического явления и фамилии	История + спортивные медиа	Бедствие при осаде города → мор → эксперт с фамилией Мор	4	Высокая
551	Классификация по цвету	Спорт + комиксы + анимация	Составы из спортсменов и персонажей → общий цвет костюмов → оранжевый, красный, фиолетовый	4	Высокая
552	Имя + смысл фамилии	Футбол + автоспорт + язык	Лишний вес Фелипе Кайседо → «масса» как вес → Фелипе Масса	4	Высокая
553	Общее спортивное прозвище	Автоспорт + шахматы + футбол + хоккей	Разных спортсменов и тренера называли одинаково → оборонительная роль → «министр обороны»	5	Высокая
555	Название фильма = прозвище	Кино + футбол	Фильм Де Пальмы «Лицо со шрамом» → прозвище Франка Рибери → три слова	4	Высокая
561	Историческое событие + визуальная подсказка	Шахматы + технологии + филателия	Марка к юбилею победы над Каспаровым → компьютер на изображении → Deep Blue	5	Средняя
567	Неожиданная ставка на событие	Баскетбол + политика + букмекеры	Список публичных фигур и коэффициенты → общее возможное действие → выдвижение в президенты	5	Низкая
568	Одинаковое название устройства и медиа	Настольный футбол + спортивные медиа + история	Запатентованное устройство с фигурками → kicker → немецкий журнал Kicker	6	Средняя
569	Непристойный межъязыковой каламбур	Футбол + английский язык + медиа	Заголовок Old Lady unable to master … → название БАТЭ образует двусмысленную фразу	7	Низкая
570	Совпадение фамилии	Лёгкая атлетика + интеллектуальные игры + журналистика	Спортсменка, медийная героиня и журналист → общая фамилия Лысенко	6	Высокая
571	Фамилия после брака	Олимпийский спорт + спортивные медиа + биография	Победы Марии до замужества → олимпийское золото при комментарии мужа → актуальная фамилия	7	Средняя
572	Числовой словесный ребус	Музыка + спортивные медиа + язык	50 Cent и 21 Questions → 50 участников/вопросов конкурса → ИКС равен «вопрос»	5	Средняя
587	Цитата + фамилия игрока	Литература + NBA	Строка Шекспира «колпак мозгов не портит» → Тимофей Мозгов и чемпионство Cleveland	5	Высокая
588	Имя как праздничный символ	Футбол + гастрономия + календарь	Гол Оливье Жиру 1 января → русское «оливье» как новогоднее блюдо	3	Высокая
589	Перевод имени персонажа	Футбол + анимация + язык	Gascoigne по-английски → Гасконец в «Псе в сапогах» → одно имя в двух языках	4	Высокая
594	Прозвище по внешности	Футбол + анимация	Статуэтка Шрека принята за Хотэя → прозвище Уэйна Руни → «Шрек»	4	Высокая
601	Фраза как название песни и команды	Музыка + футбольная тактика + медиафутбол	Два глагола описывают примитивную тактику → песня и команда → «Бей-беги»	4	Высокая
604	Термин через единицы измерения	Баскетбол + антропометрия + английский язык	2700 людей и 33 игрока NBA → рост не менее семи футов → семифутеры	5	Средняя
607	Мифологический омоним фамилии	Мифология + фигурное катание + медиа	Славянский дух навка → Татьяна Навка → биографическая подсказка через мужа	5	Высокая
611	Маршрут между городами команд	Баскетбол + география + поп-культура	Пары клубов задают города и номера шоссе → маршрут Газоля → Route 66	7	Средняя
613	Совпадение фамилии без родства	Лёгкая атлетика + блогинг	Блогер с той же фамилией не является сыном олимпийской чемпионки → Татьяна Лебедева	4	Высокая
617	Общее имя внутри топонима	Автоспорт + география	Себастьян Лёб и Себастьян Феттель → общее имя → Сан-Себастьян	5	Высокая
618	Классификация числовых последовательностей	Олимпийские игры + календарь	Ряды олимпийских годов → разные циклы до реформы → летние и зимние Игры	3	Высокая
620	Общий год в спортивном списке	Футбол + музыка	Перечень клубов → их достижения в одном году → название трека «2021»	5	Средняя
623	Вымышленная статистика как реальная	Анимация + автоспорт	Победители с именами героев «Тачек» → рекордсмен Молния Маккуин → Кубок Поршня	4	Средняя
624	Буквенная операция с фамилией	Кино + снукер + язык	Shelby → удалить h / Шелби → заменить Ш на С → Марк Селби	5	Высокая
625	Библейская парность имён	NBA + религия	Гипотетический Эйбел/Авель рядом с игроком Orlando → братская пара → Каин	5	Высокая
628	Визуальный символ на деньгах	Баскетбол + религия + нумизматика	Святой на куртке → образ всадника на монетах 1, 5, 10 и 50 → Георгий Победоносец	4	Высокая
664	Многозначная фраза	Футбол + путешествия + медиа	Личная история Слуцкого и маршруты россиян после 2022 года → «пересадка в Турции»	5	Высокая
669	Идентификация автора цитаты	Футбол + спортивные медиа	Оценка молодого игрока и шутка о фамилии → стиль и биография эксперта → Андрей Аршавин	6	Средняя
682	Визуальная метафора силуэта	Олимпийские игры + дизайн + география	Контур города на постере и скрытые горы → форма олимпийского факела	5	Низкая
684	Многозначность + словообразование	Иконопись + спорт + язык	Обратная перспектива → перспективный спортсмен → перспектив с возрастом меньше	5	Высокая
716	Алфавитная закономерность в разных языках	География + футбол + язык	Пары стран задают крайние позиции в национальных алфавитах → применение к участникам ЧМ-2026	7	Высокая
717	Географический омоним	Футбол + география	Название европейской страны совпадает со штатом и появляется в месте проведения матчей → Georgia	4	Высокая
718	Перевод слова + прозвище тренера	Видеоигры + футбол + испанский язык	Игра LocoRoco → испанское loco «сумасшедший» → прозвище Эль Локо → Марсело Бьельса	5	Высокая
719	Этимология имени + турнирный мем	Футбол + греческий язык + спортивные медиа	Имя со значением «бессмертный» → повторяющийся образ ЧМ-2026 → статья спортивного медиа	7	Средняя
